k,SequenceIndex,SeqA_Length,SeqB_Length,StartA,EndA,StartB,EndB,BlockA,BlockB,Score,Runtime_ms,MemUsage_KB
1,1,10,10,0,0,0,0,A,A,1,4.867,1474.625
1,1,10,10,1,1,1,1,T,T,1,4.867,1474.625
1,1,10,10,2,2,2,2,G,G,1,4.867,1474.625
1,1,10,10,3,3,3,3,C,C,1,4.867,1474.625
1,1,10,10,4,4,4,4,T,T,1,4.867,1474.625
1,1,10,10,5,5,5,5,A,A,1,4.867,1474.625
1,1,10,10,6,6,6,6,C,C,1,4.867,1474.625
1,1,10,10,7,7,7,7,G,G,1,4.867,1474.625
1,1,10,10,8,8,8,8,T,T,1,4.867,1474.625
1,1,10,10,9,9,9,9,A,T,0,4.867,1474.625
1,2,13,13,0,0,0,0,G,G,1,2.767,91.523
1,2,13,13,1,1,1,1,A,A,1,2.767,91.523
1,2,13,13,2,2,2,2,T,T,1,2.767,91.523
1,2,13,13,3,3,3,3,T,T,1,2.767,91.523
1,2,13,13,4,4,4,4,A,A,1,2.767,91.523
1,2,13,13,5,5,5,5,C,C,1,2.767,91.523
1,2,13,13,6,6,6,6,A,A,1,2.767,91.523
1,2,13,13,7,7,7,7,G,G,1,2.767,91.523
1,2,13,13,8,8,8,8,G,G,1,2.767,91.523
1,2,13,13,9,9,9,9,C,C,1,2.767,91.523
1,2,13,13,10,10,10,10,T,T,1,2.767,91.523
1,2,13,13,11,11,11,11,T,T,1,2.767,91.523
1,2,13,13,12,12,12,12,A,G,0,2.767,91.523
1,3,15,15,0,0,0,0,T,T,1,2.378,33.781
1,3,15,15,1,1,1,1,G,G,1,2.378,33.781
1,3,15,15,2,2,2,2,C,C,1,2.378,33.781
1,3,15,15,3,3,3,3,A,A,1,2.378,33.781
1,3,15,15,4,4,4,4,T,T,1,2.378,33.781
1,3,15,15,5,5,5,5,G,G,1,2.378,33.781
1,3,15,15,6,6,6,6,A,A,1,2.378,33.781
1,3,15,15,7,7,7,7,C,C,1,2.378,33.781
1,3,15,15,8,8,8,8,T,T,1,2.378,33.781
1,3,15,15,9,9,9,9,G,G,1,2.378,33.781
1,3,15,15,10,10,10,10,A,A,1,2.378,33.781
1,3,15,15,11,11,11,11,C,C,1,2.378,33.781
1,3,15,15,12,12,12,12,T,T,1,2.378,33.781
1,3,15,15,13,13,13,13,G,G,1,2.378,33.781
1,3,15,15,14,14,14,14,A,T,0,2.378,33.781
1,4,17,17,0,0,0,0,A,A,1,2.334,85.961
1,4,17,17,1,1,1,1,T,T,1,2.334,85.961
1,4,17,17,2,2,2,2,C,C,1,2.334,85.961
1,4,17,17,3,3,3,3,G,G,1,2.334,85.961
1,4,17,17,4,4,4,4,T,T,1,2.334,85.961
1,4,17,17,5,5,5,5,A,A,1,2.334,85.961
1,4,17,17,6,6,6,6,G,G,1,2.334,85.961
1,4,17,17,7,7,7,7,C,C,1,2.334,85.961
1,4,17,17,8,8,8,8,T,T,1,2.334,85.961
1,4,17,17,9,9,9,9,A,A,1,2.334,85.961
1,4,17,17,10,10,10,10,G,G,1,2.334,85.961
1,4,17,17,11,11,11,11,C,C,1,2.334,85.961
1,4,17,17,12,12,12,12,T,T,1,2.334,85.961
1,4,17,17,13,13,13,13,A,A,1,2.334,85.961
1,4,17,17,14,14,14,14,G,G,1,2.334,85.961
1,4,17,17,15,15,15,15,C,C,1,2.334,85.961
1,4,17,17,16,16,16,16,T,A,0,2.334,85.961
1,5,20,20,0,0,0,0,G,G,1,2.162,45.289
1,5,20,20,1,1,1,1,G,G,1,2.162,45.289
1,5,20,20,2,2,2,2,A,A,1,2.162,45.289
1,5,20,20,3,3,3,3,T,T,1,2.162,45.289
1,5,20,20,4,4,4,4,C,C,1,2.162,45.289
1,5,20,20,5,5,5,5,C,C,1,2.162,45.289
1,5,20,20,6,6,6,6,G,G,1,2.162,45.289
1,5,20,20,7,7,7,7,T,T,1,2.162,45.289
1,5,20,20,8,8,8,8,A,A,1,2.162,45.289
1,5,20,20,9,9,9,9,G,G,1,2.162,45.289
1,5,20,20,10,10,10,10,C,C,1,2.162,45.289
1,5,20,20,11,11,11,11,T,T,1,2.162,45.289
1,5,20,20,12,12,12,12,A,A,1,2.162,45.289
1,5,20,20,13,13,13,13,G,G,1,2.162,45.289
1,5,20,20,14,14,14,14,C,C,1,2.162,45.289
1,5,20,20,15,15,15,15,T,T,1,2.162,45.289
1,5,20,20,16,16,16,16,T,T,1,2.162,45.289
1,5,20,20,17,17,17,17,A,A,1,2.162,45.289
1,5,20,20,18,18,18,18,C,C,1,2.162,45.289
1,5,20,20,19,19,19,19,G,C,0,2.162,45.289
1,6,22,23,0,0,0,0,A,A,1,2.244,53.211
1,6,22,23,1,1,1,1,T,T,1,2.244,53.211
1,6,22,23,2,2,2,2,G,G,1,2.244,53.211
1,6,22,23,3,3,3,3,C,C,1,2.244,53.211
1,6,22,23,4,4,4,4,G,G,1,2.244,53.211
1,6,22,23,5,5,5,5,T,T,1,2.244,53.211
1,6,22,23,6,6,6,6,T,T,1,2.244,53.211
1,6,22,23,7,7,7,7,A,A,1,2.244,53.211
1,6,22,23,8,8,8,8,A,A,1,2.244,53.211
1,6,22,23,9,9,9,9,T,T,1,2.244,53.211
1,6,22,23,10,10,10,10,G,G,1,2.244,53.211
1,6,22,23,11,11,11,11,C,C,1,2.244,53.211
1,6,22,23,12,12,12,12,G,G,1,2.244,53.211
1,6,22,23,13,13,13,13,T,T,1,2.244,53.211
1,6,22,23,14,14,14,14,T,T,1,2.244,53.211
1,6,22,23,15,15,15,15,A,A,1,2.244,53.211
1,6,22,23,16,16,16,16,A,A,1,2.244,53.211
1,6,22,23,17,17,17,17,T,T,1,2.244,53.211
1,6,22,23,18,18,18,18,G,G,1,2.244,53.211
1,6,22,23,19,19,19,19,C,C,1,2.244,53.211
1,6,22,23,20,20,20,20,G,G,1,2.244,53.211
1,6,22,23,21,21,21,21,T,T,1,2.244,53.211
1,7,22,23,0,0,0,0,G,G,1,2.260,54.383
1,7,22,23,1,1,1,1,A,A,1,2.260,54.383
1,7,22,23,2,2,2,2,T,T,1,2.260,54.383
1,7,22,23,3,3,3,3,T,T,1,2.260,54.383
1,7,22,23,4,4,4,4,A,A,1,2.260,54.383
1,7,22,23,5,5,5,5,C,C,1,2.260,54.383
1,7,22,23,6,6,6,6,A,A,1,2.260,54.383
1,7,22,23,7,7,7,7,G,G,1,2.260,54.383
1,7,22,23,8,8,8,8,G,G,1,2.260,54.383
1,7,22,23,9,9,9,9,C,C,1,2.260,54.383
1,7,22,23,10,10,10,10,T,T,1,2.260,54.383
1,7,22,23,11,11,11,11,T,T,1,2.260,54.383
1,7,22,23,12,12,12,12,A,A,1,2.260,54.383
1,7,22,23,13,13,13,13,C,C,1,2.260,54.383
1,7,22,23,14,14,14,14,G,G,1,2.260,54.383
1,7,22,23,15,15,15,15,A,A,1,2.260,54.383
1,7,22,23,16,16,16,16,A,A,1,2.260,54.383
1,7,22,23,17,17,17,17,T,T,1,2.260,54.383
1,7,22,23,18,18,18,18,C,C,1,2.260,54.383
1,7,22,23,19,19,19,19,G,G,1,2.260,54.383
1,7,22,23,20,20,20,20,T,T,1,2.260,54.383
1,7,22,23,21,21,21,21,A,T,0,2.260,54.383
1,8,22,22,0,0,0,0,C,C,1,2.778,53.391
1,8,22,22,1,1,1,1,G,G,1,2.778,53.391
1,8,22,22,2,2,2,2,T,T,1,2.778,53.391
1,8,22,22,3,3,3,3,A,A,1,2.778,53.391
1,8,22,22,4,4,4,4,C,C,1,2.778,53.391
1,8,22,22,5,5,5,5,G,G,1,2.778,53.391
1,8,22,22,6,6,6,6,T,T,1,2.778,53.391
1,8,22,22,7,7,7,7,T,T,1,2.778,53.391
1,8,22,22,8,8,8,8,A,A,1,2.778,53.391
1,8,22,22,9,9,9,9,G,G,1,2.778,53.391
1,8,22,22,10,10,10,10,C,C,1,2.778,53.391
1,8,22,22,11,11,11,11,T,T,1,2.778,53.391
1,8,22,22,12,12,12,12,A,A,1,2.778,53.391
1,8,22,22,13,13,13,13,G,G,1,2.778,53.391
1,8,22,22,14,14,14,14,C,C,1,2.778,53.391
1,8,22,22,15,15,15,15,T,T,1,2.778,53.391
1,8,22,22,16,16,16,16,A,A,1,2.778,53.391
1,8,22,22,17,17,17,17,A,A,1,2.778,53.391
1,8,22,22,18,18,18,18,C,C,1,2.778,53.391
1,8,22,22,19,19,19,19,G,G,1,2.778,53.391
1,8,22,22,20,20,20,20,T,T,1,2.778,53.391
1,8,22,22,21,21,21,21,A,G,0,2.778,53.391
1,9,23,23,0,0,0,0,T,T,1,2.689,60.063
1,9,23,23,1,1,1,1,G,G,1,2.689,60.063
1,9,23,23,2,2,2,2,C,C,1,2.689,60.063
1,9,23,23,3,3,3,3,A,A,1,2.689,60.063
1,9,23,23,4,4,4,4,T,T,1,2.689,60.063
1,9,23,23,5,5,5,5,G,G,1,2.689,60.063
1,9,23,23,6,6,6,6,A,A,1,2.689,60.063
1,9,23,23,7,7,7,7,C,C,1,2.689,60.063
1,9,23,23,8,8,8,8,T,T,1,2.689,60.063
1,9,23,23,9,9,9,9,G,G,1,2.689,60.063
1,9,23,23,10,10,10,10,A,A,1,2.689,60.063
1,9,23,23,11,11,11,11,C,C,1,2.689,60.063
1,9,23,23,12,12,12,12,T,T,1,2.689,60.063
1,9,23,23,13,13,13,13,G,G,1,2.689,60.063
1,9,23,23,14,14,14,14,A,A,1,2.689,60.063
1,9,23,23,15,15,15,15,C,C,1,2.689,60.063
1,9,23,23,16,16,16,16,A,A,1,2.689,60.063
1,9,23,23,17,17,17,17,G,G,1,2.689,60.063
1,9,23,23,18,18,18,18,A,A,1,2.689,60.063
1,9,23,23,19,19,19,19,C,C,1,2.689,60.063
1,9,23,23,20,20,20,20,T,T,1,2.689,60.063
1,9,23,23,21,21,21,21,G,G,1,2.689,60.063
1,9,23,23,22,22,22,22,A,C,0,2.689,60.063
1,10,24,24,0,0,0,0,A,A,1,2.274,66.352
1,10,24,24,1,1,1,1,T,T,1,2.274,66.352
1,10,24,24,2,2,2,2,G,G,1,2.274,66.352
1,10,24,24,3,3,3,3,C,C,1,2.274,66.352
1,10,24,24,4,4,4,4,G,G,1,2.274,66.352
1,10,24,24,5,5,5,5,T,T,1,2.274,66.352
1,10,24,24,6,6,6,6,A,A,1,2.274,66.352
1,10,24,24,7,7,7,7,C,C,1,2.274,66.352
1,10,24,24,8,8,8,8,G,G,1,2.274,66.352
1,10,24,24,9,9,9,9,T,T,1,2.274,66.352
1,10,24,24,10,10,10,10,T,T,1,2.274,66.352
1,10,24,24,11,11,11,11,A,A,1,2.274,66.352
1,10,24,24,12,12,12,12,G,G,1,2.274,66.352
1,10,24,24,13,13,13,13,C,C,1,2.274,66.352
1,10,24,24,14,14,14,14,G,G,1,2.274,66.352
1,10,24,24,15,15,15,15,T,T,1,2.274,66.352
1,10,24,24,16,16,16,16,A,A,1,2.274,66.352
1,10,24,24,17,17,17,17,C,C,1,2.274,66.352
1,10,24,24,18,18,18,18,G,G,1,2.274,66.352
1,10,24,24,19,19,19,19,T,T,1,2.274,66.352
1,10,24,24,20,20,20,20,T,T,1,2.274,66.352
1,10,24,24,21,21,21,21,A,A,1,2.274,66.352
1,10,24,24,22,22,22,22,G,G,1,2.274,66.352
1,10,24,24,23,23,23,23,C,T,0,2.274,66.352
1,11,25,25,0,0,0,0,C,C,1,2.367,73.625
1,11,25,25,1,1,1,1,G,G,1,2.367,73.625
1,11,25,25,2,2,2,2,T,T,1,2.367,73.625
1,11,25,25,3,3,3,3,A,A,1,2.367,73.625
1,11,25,25,4,4,4,4,G,G,1,2.367,73.625
1,11,25,25,5,5,5,5,C,C,1,2.367,73.625
1,11,25,25,6,6,6,6,T,T,1,2.367,73.625
1,11,25,25,7,7,7,7,A,A,1,2.367,73.625
1,11,25,25,8,8,8,8,G,G,1,2.367,73.625
1,11,25,25,9,9,9,9,C,C,1,2.367,73.625
1,11,25,25,10,10,10,10,T,T,1,2.367,73.625
1,11,25,25,11,11,11,11,A,A,1,2.367,73.625
1,11,25,25,12,12,12,12,A,A,1,2.367,73.625
1,11,25,25,13,13,13,13,C,C,1,2.367,73.625
1,11,25,25,14,14,14,14,G,G,1,2.367,73.625
1,11,25,25,15,15,15,15,T,T,1,2.367,73.625
1,11,25,25,16,16,16,16,T,T,1,2.367,73.625
1,11,25,25,17,17,17,17,A,A,1,2.367,73.625
1,11,25,25,18,18,18,18,C,C,1,2.367,73.625
1,11,25,25,19,19,19,19,G,G,1,2.367,73.625
1,11,25,25,20,20,20,20,A,A,1,2.367,73.625
1,11,25,25,21,21,21,21,T,T,1,2.367,73.625
1,11,25,25,22,22,22,22,G,G,1,2.367,73.625
1,11,25,25,23,23,23,23,C,C,1,2.367,73.625
1,11,25,25,24,24,24,24,T,C,0,2.367,73.625
1,12,25,25,0,0,0,0,G,G,1,2.528,73.703
1,12,25,25,1,1,1,1,C,C,1,2.528,73.703
1,12,25,25,2,2,2,2,T,T,1,2.528,73.703
1,12,25,25,3,3,3,3,A,A,1,2.528,73.703
1,12,25,25,4,4,4,4,G,G,1,2.528,73.703
1,12,25,25,5,5,5,5,C,C,1,2.528,73.703
1,12,25,25,6,6,6,6,G,G,1,2.528,73.703
1,12,25,25,7,7,7,7,T,T,1,2.528,73.703
1,12,25,25,8,8,8,8,A,A,1,2.528,73.703
1,12,25,25,9,9,9,9,C,C,1,2.528,73.703
1,12,25,25,10,10,10,10,G,G,1,2.528,73.703
1,12,25,25,11,11,11,11,T,T,1,2.528,73.703
1,12,25,25,12,12,12,12,A,A,1,2.528,73.703
1,12,25,25,13,13,13,13,G,G,1,2.528,73.703
1,12,25,25,14,14,14,14,C,C,1,2.528,73.703
1,12,25,25,15,15,15,15,T,T,1,2.528,73.703
1,12,25,25,16,16,16,16,A,A,1,2.528,73.703
1,12,25,25,17,17,17,17,G,G,1,2.528,73.703
1,12,25,25,18,18,18,18,C,C,1,2.528,73.703
1,12,25,25,19,19,19,19,T,T,1,2.528,73.703
1,12,25,25,20,20,20,20,A,A,1,2.528,73.703
1,12,25,25,21,21,21,21,A,A,1,2.528,73.703
1,12,25,25,22,22,22,22,C,C,1,2.528,73.703
1,12,25,25,23,23,23,23,G,G,1,2.528,73.703
1,12,25,25,24,24,24,24,A,T,0,2.528,73.703
1,13,26,26,0,0,0,0,T,T,1,2.452,99.383
1,13,26,26,1,1,1,1,A,A,1,2.452,99.383
1,13,26,26,2,2,2,2,C,C,1,2.452,99.383
1,13,26,26,3,3,3,3,G,G,1,2.452,99.383
1,13,26,26,4,4,4,4,T,T,1,2.452,99.383
1,13,26,26,5,5,5,5,T,T,1,2.452,99.383
1,13,26,26,6,6,6,6,A,A,1,2.452,99.383
1,13,26,26,7,7,7,7,G,G,1,2.452,99.383
1,13,26,26,8,8,8,8,C,C,1,2.452,99.383
1,13,26,26,9,9,9,9,T,T,1,2.452,99.383
1,13,26,26,10,10,10,10,A,A,1,2.452,99.383
1,13,26,26,11,11,11,11,G,G,1,2.452,99.383
1,13,26,26,12,12,12,12,C,C,1,2.452,99.383
1,13,26,26,13,13,13,13,T,T,1,2.452,99.383
1,13,26,26,14,14,14,14,A,A,1,2.452,99.383
1,13,26,26,15,15,15,15,G,G,1,2.452,99.383
1,13,26,26,16,16,16,16,C,C,1,2.452,99.383
1,13,26,26,17,17,17,17,G,G,1,2.452,99.383
1,13,26,26,18,18,18,18,T,T,1,2.452,99.383
1,13,26,26,19,19,19,19,T,T,1,2.452,99.383
1,13,26,26,20,20,20,20,A,A,1,2.452,99.383
1,13,26,26,21,21,21,21,A,A,1,2.452,99.383
1,13,26,26,22,22,22,22,T,T,1,2.452,99.383
1,13,26,26,23,23,23,23,C,C,1,2.452,99.383
1,13,26,26,24,24,24,24,G,G,1,2.452,99.383
1,13,26,26,25,25,25,25,T,C,0,2.452,99.383
1,14,26,26,0,0,0,0,G,G,1,2.184,79.227
1,14,26,26,1,1,1,1,G,G,1,2.184,79.227
1,14,26,26,2,2,2,2,C,C,1,2.184,79.227
1,14,26,26,3,3,3,3,T,T,1,2.184,79.227
1,14,26,26,4,4,4,4,T,T,1,2.184,79.227
1,14,26,26,5,5,5,5,A,A,1,2.184,79.227
1,14,26,26,6,6,6,6,C,C,1,2.184,79.227
1,14,26,26,7,7,7,7,G,G,1,2.184,79.227
1,14,26,26,8,8,8,8,A,A,1,2.184,79.227
1,14,26,26,9,9,9,9,T,T,1,2.184,79.227
1,14,26,26,10,10,10,10,C,C,1,2.184,79.227
1,14,26,26,11,11,11,11,G,G,1,2.184,79.227
1,14,26,26,12,12,12,12,T,T,1,2.184,79.227
1,14,26,26,13,13,13,13,A,A,1,2.184,79.227
1,14,26,26,14,14,14,14,G,G,1,2.184,79.227
1,14,26,26,15,15,15,15,C,C,1,2.184,79.227
1,14,26,26,16,16,16,16,T,T,1,2.184,79.227
1,14,26,26,17,17,17,17,A,A,1,2.184,79.227
1,14,26,26,18,18,18,18,G,G,1,2.184,79.227
1,14,26,26,19,19,19,19,C,C,1,2.184,79.227
1,14,26,26,20,20,20,20,A,A,1,2.184,79.227
1,14,26,26,21,21,21,21,G,G,1,2.184,79.227
1,14,26,26,22,22,22,22,T,T,1,2.184,79.227
1,14,26,26,23,23,23,23,T,T,1,2.184,79.227
1,14,26,26,24,24,24,24,A,A,1,2.184,79.227
1,14,26,26,25,25,25,25,G,C,0,2.184,79.227
1,15,27,27,0,0,0,0,A,A,1,2.228,87.648
1,15,27,27,1,1,1,1,T,T,1,2.228,87.648
1,15,27,27,2,2,2,2,C,C,1,2.228,87.648
1,15,27,27,3,3,3,3,G,G,1,2.228,87.648
1,15,27,27,4,4,4,4,T,T,1,2.228,87.648
1,15,27,27,5,5,5,5,A,A,1,2.228,87.648
1,15,27,27,6,6,6,6,C,C,1,2.228,87.648
1,15,27,27,7,7,7,7,G,G,1,2.228,87.648
1,15,27,27,8,8,8,8,T,T,1,2.228,87.648
1,15,27,27,9,9,9,9,T,T,1,2.228,87.648
1,15,27,27,10,10,10,10,A,A,1,2.228,87.648
1,15,27,27,11,11,11,11,G,G,1,2.228,87.648
1,15,27,27,12,12,12,12,C,C,1,2.228,87.648
1,15,27,27,13,13,13,13,T,T,1,2.228,87.648
1,15,27,27,14,14,14,14,A,A,1,2.228,87.648
1,15,27,27,15,15,15,15,G,G,1,2.228,87.648
1,15,27,27,16,16,16,16,C,C,1,2.228,87.648
1,15,27,27,17,17,17,17,T,T,1,2.228,87.648
1,15,27,27,18,18,18,18,A,A,1,2.228,87.648
1,15,27,27,19,19,19,19,A,A,1,2.228,87.648
1,15,27,27,20,20,20,20,C,C,1,2.228,87.648
1,15,27,27,21,21,21,21,G,G,1,2.228,87.648
1,15,27,27,22,22,22,22,T,T,1,2.228,87.648
1,15,27,27,23,23,23,23,T,T,1,2.228,87.648
1,15,27,27,24,24,24,24,A,A,1,2.228,87.648
1,15,27,27,25,25,25,25,G,G,1,2.228,87.648
1,15,27,27,26,26,26,26,C,T,0,2.228,87.648
1,16,28,28,0,0,0,0,G,G,1,2.151,90.375
1,16,28,28,1,1,1,1,A,A,1,2.151,90.375
1,16,28,28,2,2,2,2,T,T,1,2.151,90.375
1,16,28,28,3,3,3,3,C,C,1,2.151,90.375
1,16,28,28,4,4,4,4,G,G,1,2.151,90.375
1,16,28,28,5,5,5,5,T,T,1,2.151,90.375
1,16,28,28,6,6,6,6,A,A,1,2.151,90.375
1,16,28,28,7,7,7,7,G,G,1,2.151,90.375
1,16,28,28,8,8,8,8,C,C,1,2.151,90.375
1,16,28,28,9,9,9,9,T,T,1,2.151,90.375
1,16,28,28,10,10,10,10,A,A,1,2.151,90.375
1,16,28,28,11,11,11,11,G,G,1,2.151,90.375
1,16,28,28,12,12,12,12,C,C,1,2.151,90.375
1,16,28,28,13,13,13,13,T,T,1,2.151,90.375
1,16,28,28,14,14,14,14,A,A,1,2.151,90.375
1,16,28,28,15,15,15,15,G,G,1,2.151,90.375
1,16,28,28,16,16,16,16,C,C,1,2.151,90.375
1,16,28,28,17,17,17,17,T,T,1,2.151,90.375
1,16,28,28,18,18,18,18,A,A,1,2.151,90.375
1,16,28,28,19,19,19,19,A,A,1,2.151,90.375
1,16,28,28,20,20,20,20,C,C,1,2.151,90.375
1,16,28,28,21,21,21,21,G,G,1,2.151,90.375
1,16,28,28,22,22,22,22,T,T,1,2.151,90.375
1,16,28,28,23,23,23,23,T,T,1,2.151,90.375
1,16,28,28,24,24,24,24,A,A,1,2.151,90.375
1,16,28,28,25,25,25,25,C,C,1,2.151,90.375
1,16,28,28,26,26,26,26,G,G,1,2.151,90.375
1,16,28,28,27,27,27,27,A,T,0,2.151,90.375
1,17,28,28,0,0,0,0,T,T,1,2.212,89.313
1,17,28,28,1,1,1,1,G,G,1,2.212,89.313
1,17,28,28,2,2,2,2,C,C,1,2.212,89.313
1,17,28,28,3,3,3,3,A,A,1,2.212,89.313
1,17,28,28,4,4,4,4,T,T,1,2.212,89.313
1,17,28,28,5,5,5,5,G,G,1,2.212,89.313
1,17,28,28,6,6,6,6,A,A,1,2.212,89.313
1,17,28,28,7,7,7,7,C,C,1,2.212,89.313
1,17,28,28,8,8,8,8,T,T,1,2.212,89.313
1,17,28,28,9,9,9,9,G,G,1,2.212,89.313
1,17,28,28,10,10,10,10,A,A,1,2.212,89.313
1,17,28,28,11,11,11,11,C,C,1,2.212,89.313
1,17,28,28,12,12,12,12,T,T,1,2.212,89.313
1,17,28,28,13,13,13,13,G,G,1,2.212,89.313
1,17,28,28,14,14,14,14,A,A,1,2.212,89.313
1,17,28,28,15,15,15,15,C,C,1,2.212,89.313
1,17,28,28,16,16,16,16,T,T,1,2.212,89.313
1,17,28,28,17,17,17,17,G,G,1,2.212,89.313
1,17,28,28,18,18,18,18,A,A,1,2.212,89.313
1,17,28,28,19,19,19,19,C,C,1,2.212,89.313
1,17,28,28,20,20,20,20,G,G,1,2.212,89.313
1,17,28,28,21,21,21,21,T,T,1,2.212,89.313
1,17,28,28,22,22,22,22,A,A,1,2.212,89.313
1,17,28,28,23,23,23,23,G,G,1,2.212,89.313
1,17,28,28,24,24,24,24,C,C,1,2.212,89.313
1,17,28,28,25,25,25,25,T,T,1,2.212,89.313
1,17,28,28,26,26,26,26,A,A,1,2.212,89.313
1,17,28,28,27,27,27,27,G,A,0,2.212,89.313
1,18,29,29,0,0,0,0,C,C,1,2.426,99.641
1,18,29,29,1,1,1,1,G,G,1,2.426,99.641
1,18,29,29,2,2,2,2,T,T,1,2.426,99.641
1,18,29,29,3,3,3,3,A,A,1,2.426,99.641
1,18,29,29,4,4,4,4,C,C,1,2.426,99.641
1,18,29,29,5,5,5,5,G,G,1,2.426,99.641
1,18,29,29,6,6,6,6,T,T,1,2.426,99.641
1,18,29,29,7,7,7,7,A,A,1,2.426,99.641
1,18,29,29,8,8,8,8,G,G,1,2.426,99.641
1,18,29,29,9,9,9,9,C,C,1,2.426,99.641
1,18,29,29,10,10,10,10,T,T,1,2.426,99.641
1,18,29,29,11,11,11,11,A,A,1,2.426,99.641
1,18,29,29,12,12,12,12,G,G,1,2.426,99.641
1,18,29,29,13,13,13,13,C,C,1,2.426,99.641
1,18,29,29,14,14,14,14,T,T,1,2.426,99.641
1,18,29,29,15,15,15,15,A,A,1,2.426,99.641
1,18,29,29,16,16,16,16,G,G,1,2.426,99.641
1,18,29,29,17,17,17,17,C,C,1,2.426,99.641
1,18,29,29,18,18,18,18,T,T,1,2.426,99.641
1,18,29,29,19,19,19,19,A,A,1,2.426,99.641
1,18,29,29,20,20,20,20,A,A,1,2.426,99.641
1,18,29,29,21,21,21,21,C,C,1,2.426,99.641
1,18,29,29,22,22,22,22,T,T,1,2.426,99.641
1,18,29,29,23,23,23,23,G,G,1,2.426,99.641
1,18,29,29,24,24,24,24,A,A,1,2.426,99.641
1,18,29,29,25,25,25,25,C,C,1,2.426,99.641
1,18,29,29,26,26,26,26,T,T,1,2.426,99.641
1,18,29,29,27,27,27,27,G,G,1,2.426,99.641
1,18,29,29,28,28,28,28,A,C,0,2.426,99.641
1,19,30,30,0,0,0,0,G,G,1,2.217,105.523
1,19,30,30,1,1,1,1,C,C,1,2.217,105.523
1,19,30,30,2,2,2,2,T,T,1,2.217,105.523
1,19,30,30,3,3,3,3,T,T,1,2.217,105.523
1,19,30,30,4,4,4,4,A,A,1,2.217,105.523
1,19,30,30,5,5,5,5,G,G,1,2.217,105.523
1,19,30,30,6,6,6,6,C,C,1,2.217,105.523
1,19,30,30,7,7,7,7,G,G,1,2.217,105.523
1,19,30,30,8,8,8,8,T,T,1,2.217,105.523
1,19,30,30,9,9,9,9,A,A,1,2.217,105.523
1,19,30,30,10,10,10,10,C,C,1,2.217,105.523
1,19,30,30,11,11,11,11,G,G,1,2.217,105.523
1,19,30,30,12,12,12,12,T,T,1,2.217,105.523
1,19,30,30,13,13,13,13,T,T,1,2.217,105.523
1,19,30,30,14,14,14,14,A,A,1,2.217,105.523
1,19,30,30,15,15,15,15,G,G,1,2.217,105.523
1,19,30,30,16,16,16,16,C,C,1,2.217,105.523
1,19,30,30,17,17,17,17,T,T,1,2.217,105.523
1,19,30,30,18,18,18,18,A,A,1,2.217,105.523
1,19,30,30,19,19,19,19,G,G,1,2.217,105.523
1,19,30,30,20,20,20,20,C,C,1,2.217,105.523
1,19,30,30,21,21,21,21,G,G,1,2.217,105.523
1,19,30,30,22,22,22,22,T,T,1,2.217,105.523
1,19,30,30,23,23,23,23,A,A,1,2.217,105.523
1,19,30,30,24,24,24,24,G,G,1,2.217,105.523
1,19,30,30,25,25,25,25,C,C,1,2.217,105.523
1,19,30,30,26,26,26,26,T,T,1,2.217,105.523
1,19,30,30,27,27,27,27,A,A,1,2.217,105.523
1,19,30,30,28,28,28,28,G,G,1,2.217,105.523
1,19,30,30,29,29,29,29,C,T,0,2.217,105.523
1,20,31,31,0,0,0,0,T,T,1,2.174,121.383
1,20,31,31,1,1,1,1,A,A,1,2.174,121.383
1,20,31,31,2,2,2,2,C,C,1,2.174,121.383
1,20,31,31,3,3,3,3,G,G,1,2.174,121.383
1,20,31,31,4,4,4,4,T,T,1,2.174,121.383
1,20,31,31,5,5,5,5,T,T,1,2.174,121.383
1,20,31,31,6,6,6,6,A,A,1,2.174,121.383
1,20,31,31,7,7,7,7,G,G,1,2.174,121.383
1,20,31,31,8,8,8,8,C,C,1,2.174,121.383
1,20,31,31,9,9,9,9,T,T,1,2.174,121.383
1,20,31,31,10,10,10,10,A,A,1,2.174,121.383
1,20,31,31,11,11,11,11,G,G,1,2.174,121.383
1,20,31,31,12,12,12,12,C,C,1,2.174,121.383
1,20,31,31,13,13,13,13,G,G,1,2.174,121.383
1,20,31,31,14,14,14,14,T,T,1,2.174,121.383
1,20,31,31,15,15,15,15,A,A,1,2.174,121.383
1,20,31,31,16,16,16,16,C,C,1,2.174,121.383
1,20,31,31,17,17,17,17,G,G,1,2.174,121.383
1,20,31,31,18,18,18,18,T,T,1,2.174,121.383
1,20,31,31,19,19,19,19,T,T,1,2.174,121.383
1,20,31,31,20,20,20,20,A,A,1,2.174,121.383
1,20,31,31,21,21,21,21,G,G,1,2.174,121.383
1,20,31,31,22,22,22,22,C,C,1,2.174,121.383
1,20,31,31,23,23,23,23,T,T,1,2.174,121.383
1,20,31,31,24,24,24,24,A,A,1,2.174,121.383
1,20,31,31,25,25,25,25,G,G,1,2.174,121.383
1,20,31,31,26,26,26,26,C,C,1,2.174,121.383
1,20,31,31,27,27,27,27,T,T,1,2.174,121.383
1,20,31,31,28,28,28,28,A,A,1,2.174,121.383
1,20,31,31,29,29,29,29,A,A,1,2.174,121.383
1,20,31,31,30,30,30,30,C,T,0,2.174,121.383
1,21,32,32,0,0,0,0,A,A,1,2.168,114.648
1,21,32,32,1,1,1,1,T,T,1,2.168,114.648
1,21,32,32,2,2,2,2,C,C,1,2.168,114.648
1,21,32,32,3,3,3,3,G,G,1,2.168,114.648
1,21,32,32,4,4,4,4,T,T,1,2.168,114.648
1,21,32,32,5,5,5,5,A,A,1,2.168,114.648
1,21,32,32,6,6,6,6,G,G,1,2.168,114.648
1,21,32,32,7,7,7,7,C,C,1,2.168,114.648
1,21,32,32,8,8,8,8,T,T,1,2.168,114.648
1,21,32,32,9,9,9,9,A,A,1,2.168,114.648
1,21,32,32,10,10,10,10,A,A,1,2.168,114.648
1,21,32,32,11,11,11,11,C,C,1,2.168,114.648
1,21,32,32,12,12,12,12,G,G,1,2.168,114.648
1,21,32,32,13,13,13,13,T,T,1,2.168,114.648
1,21,32,32,14,14,14,14,T,T,1,2.168,114.648
1,21,32,32,15,15,15,15,A,A,1,2.168,114.648
1,21,32,32,16,16,16,16,G,G,1,2.168,114.648
1,21,32,32,17,17,17,17,C,C,1,2.168,114.648
1,21,32,32,18,18,18,18,T,T,1,2.168,114.648
1,21,32,32,19,19,19,19,A,A,1,2.168,114.648
1,21,32,32,20,20,20,20,G,G,1,2.168,114.648
1,21,32,32,21,21,21,21,C,C,1,2.168,114.648
1,21,32,32,22,22,22,22,T,T,1,2.168,114.648
1,21,32,32,23,23,23,23,A,A,1,2.168,114.648
1,21,32,32,24,24,24,24,A,A,1,2.168,114.648
1,21,32,32,25,25,25,25,C,C,1,2.168,114.648
1,21,32,32,26,26,26,26,G,G,1,2.168,114.648
1,21,32,32,27,27,27,27,T,T,1,2.168,114.648
1,21,32,32,28,28,28,28,T,T,1,2.168,114.648
1,21,32,32,29,29,29,29,A,A,1,2.168,114.648
1,21,32,32,30,30,30,30,G,G,1,2.168,114.648
1,21,32,32,31,31,31,31,C,T,0,2.168,114.648
1,22,32,32,0,0,0,0,G,G,1,2.251,116.469
1,22,32,32,1,1,1,1,G,G,1,2.251,116.469
1,22,32,32,2,2,2,2,A,A,1,2.251,116.469
1,22,32,32,3,3,3,3,T,T,1,2.251,116.469
1,22,32,32,4,4,4,4,C,C,1,2.251,116.469
1,22,32,32,5,5,5,5,C,C,1,2.251,116.469
1,22,32,32,6,6,6,6,G,G,1,2.251,116.469
1,22,32,32,7,7,7,7,T,T,1,2.251,116.469
1,22,32,32,8,8,8,8,A,A,1,2.251,116.469
1,22,32,32,9,9,9,9,G,G,1,2.251,116.469
1,22,32,32,10,10,10,10,C,C,1,2.251,116.469
1,22,32,32,11,11,11,11,T,T,1,2.251,116.469
1,22,32,32,12,12,12,12,T,T,1,2.251,116.469
1,22,32,32,13,13,13,13,A,A,1,2.251,116.469
1,22,32,32,14,14,14,14,C,C,1,2.251,116.469
1,22,32,32,15,15,15,15,G,G,1,2.251,116.469
1,22,32,32,16,16,16,16,T,T,1,2.251,116.469
1,22,32,32,17,17,17,17,T,T,1,2.251,116.469
1,22,32,32,18,18,18,18,A,A,1,2.251,116.469
1,22,32,32,19,19,19,19,C,C,1,2.251,116.469
1,22,32,32,20,20,20,20,G,G,1,2.251,116.469
1,22,32,32,21,21,21,21,A,A,1,2.251,116.469
1,22,32,32,22,22,22,22,T,T,1,2.251,116.469
1,22,32,32,23,23,23,23,C,C,1,2.251,116.469
1,22,32,32,24,24,24,24,G,G,1,2.251,116.469
1,22,32,32,25,25,25,25,T,T,1,2.251,116.469
1,22,32,32,26,26,26,26,A,A,1,2.251,116.469
1,22,32,32,27,27,27,27,G,G,1,2.251,116.469
1,22,32,32,28,28,28,28,C,C,1,2.251,116.469
1,22,32,32,29,29,29,29,T,T,1,2.251,116.469
1,22,32,32,30,30,30,30,A,A,1,2.251,116.469
1,22,32,32,31,31,31,31,G,A,0,2.251,116.469
1,23,32,32,0,0,0,0,T,T,1,2.273,114.258
1,23,32,32,1,1,1,1,G,G,1,2.273,114.258
1,23,32,32,2,2,2,2,C,C,1,2.273,114.258
1,23,32,32,3,3,3,3,A,A,1,2.273,114.258
1,23,32,32,4,4,4,4,T,T,1,2.273,114.258
1,23,32,32,5,5,5,5,G,G,1,2.273,114.258
1,23,32,32,6,6,6,6,A,A,1,2.273,114.258
1,23,32,32,7,7,7,7,C,C,1,2.273,114.258
1,23,32,32,8,8,8,8,T,T,1,2.273,114.258
1,23,32,32,9,9,9,9,G,G,1,2.273,114.258
1,23,32,32,10,10,10,10,A,A,1,2.273,114.258
1,23,32,32,11,11,11,11,C,C,1,2.273,114.258
1,23,32,32,12,12,12,12,T,T,1,2.273,114.258
1,23,32,32,13,13,13,13,G,G,1,2.273,114.258
1,23,32,32,14,14,14,14,A,A,1,2.273,114.258
1,23,32,32,15,15,15,15,C,C,1,2.273,114.258
1,23,32,32,16,16,16,16,T,T,1,2.273,114.258
1,23,32,32,17,17,17,17,G,G,1,2.273,114.258
1,23,32,32,18,18,18,18,A,A,1,2.273,114.258
1,23,32,32,19,19,19,19,C,C,1,2.273,114.258
1,23,32,32,20,20,20,20,T,T,1,2.273,114.258
1,23,32,32,21,21,21,21,G,G,1,2.273,114.258
1,23,32,32,22,22,22,22,A,A,1,2.273,114.258
1,23,32,32,23,23,23,23,C,C,1,2.273,114.258
1,23,32,32,24,24,24,24,T,T,1,2.273,114.258
1,23,32,32,25,25,25,25,G,G,1,2.273,114.258
1,23,32,32,26,26,26,26,A,A,1,2.273,114.258
1,23,32,32,27,27,27,27,C,C,1,2.273,114.258
1,23,32,32,28,28,28,28,T,T,1,2.273,114.258
1,23,32,32,29,29,29,29,G,G,1,2.273,114.258
1,23,32,32,30,30,30,30,A,A,1,2.273,114.258
1,23,32,32,31,31,31,31,C,T,0,2.273,114.258
1,24,32,32,0,0,0,0,A,A,1,2.590,116.188
1,24,32,32,1,1,1,1,T,T,1,2.590,116.188
1,24,32,32,2,2,2,2,G,G,1,2.590,116.188
1,24,32,32,3,3,3,3,C,C,1,2.590,116.188
1,24,32,32,4,4,4,4,G,G,1,2.590,116.188
1,24,32,32,5,5,5,5,T,T,1,2.590,116.188
1,24,32,32,6,6,6,6,T,T,1,2.590,116.188
1,24,32,32,7,7,7,7,A,A,1,2.590,116.188
1,24,32,32,8,8,8,8,A,A,1,2.590,116.188
1,24,32,32,9,9,9,9,T,T,1,2.590,116.188
1,24,32,32,10,10,10,10,G,G,1,2.590,116.188
1,24,32,32,11,11,11,11,C,C,1,2.590,116.188
1,24,32,32,12,12,12,12,G,G,1,2.590,116.188
1,24,32,32,13,13,13,13,T,T,1,2.590,116.188
1,24,32,32,14,14,14,14,T,T,1,2.590,116.188
1,24,32,32,15,15,15,15,A,A,1,2.590,116.188
1,24,32,32,16,16,16,16,A,A,1,2.590,116.188
1,24,32,32,17,17,17,17,T,T,1,2.590,116.188
1,24,32,32,18,18,18,18,G,G,1,2.590,116.188
1,24,32,32,19,19,19,19,C,C,1,2.590,116.188
1,24,32,32,20,20,20,20,G,G,1,2.590,116.188
1,24,32,32,21,21,21,21,T,T,1,2.590,116.188
1,24,32,32,22,22,22,22,T,T,1,2.590,116.188
1,24,32,32,23,23,23,23,A,A,1,2.590,116.188
1,24,32,32,24,24,24,24,A,A,1,2.590,116.188
1,24,32,32,25,25,25,25,T,T,1,2.590,116.188
1,24,32,32,26,26,26,26,G,G,1,2.590,116.188
1,24,32,32,27,27,27,27,C,C,1,2.590,116.188
1,24,32,32,28,28,28,28,G,G,1,2.590,116.188
1,24,32,32,29,29,29,29,T,T,1,2.590,116.188
1,24,32,32,30,30,30,30,T,T,1,2.590,116.188
1,24,32,32,31,31,31,31,A,G,0,2.590,116.188
1,25,33,33,0,0,0,0,G,G,1,2.311,120.766
1,25,33,33,1,1,1,1,A,A,1,2.311,120.766
1,25,33,33,2,2,2,2,T,T,1,2.311,120.766
1,25,33,33,3,3,3,3,T,T,1,2.311,120.766
1,25,33,33,4,4,4,4,A,A,1,2.311,120.766
1,25,33,33,5,5,5,5,C,C,1,2.311,120.766
1,25,33,33,6,6,6,6,A,A,1,2.311,120.766
1,25,33,33,7,7,7,7,G,G,1,2.311,120.766
1,25,33,33,8,8,8,8,G,G,1,2.311,120.766
1,25,33,33,9,9,9,9,C,C,1,2.311,120.766
1,25,33,33,10,10,10,10,T,T,1,2.311,120.766
1,25,33,33,11,11,11,11,T,T,1,2.311,120.766
1,25,33,33,12,12,12,12,A,A,1,2.311,120.766
1,25,33,33,13,13,13,13,C,C,1,2.311,120.766
1,25,33,33,14,14,14,14,G,G,1,2.311,120.766
1,25,33,33,15,15,15,15,A,A,1,2.311,120.766
1,25,33,33,16,16,16,16,A,A,1,2.311,120.766
1,25,33,33,17,17,17,17,T,T,1,2.311,120.766
1,25,33,33,18,18,18,18,C,C,1,2.311,120.766
1,25,33,33,19,19,19,19,G,G,1,2.311,120.766
1,25,33,33,20,20,20,20,T,T,1,2.311,120.766
1,25,33,33,21,21,21,21,A,A,1,2.311,120.766
1,25,33,33,22,22,22,22,C,C,1,2.311,120.766
1,25,33,33,23,23,23,23,G,G,1,2.311,120.766
1,25,33,33,24,24,24,24,T,T,1,2.311,120.766
1,25,33,33,25,25,25,25,T,T,1,2.311,120.766
1,25,33,33,26,26,26,26,A,A,1,2.311,120.766
1,25,33,33,27,27,27,27,G,G,1,2.311,120.766
1,25,33,33,28,28,28,28,C,C,1,2.311,120.766
1,25,33,33,29,29,29,29,T,T,1,2.311,120.766
1,25,33,33,30,30,30,30,A,A,1,2.311,120.766
1,25,33,33,31,31,31,31,G,G,1,2.311,120.766
1,25,33,33,32,32,32,32,C,T,0,2.311,120.766
1,26,33,34,0,0,0,0,C,C,1,2.242,121.758
1,26,33,34,1,1,1,1,G,G,1,2.242,121.758
1,26,33,34,2,2,2,2,T,T,1,2.242,121.758
1,26,33,34,3,3,3,3,A,A,1,2.242,121.758
1,26,33,34,4,4,4,4,C,C,1,2.242,121.758
1,26,33,34,5,5,5,5,G,G,1,2.242,121.758
1,26,33,34,6,6,6,6,T,T,1,2.242,121.758
1,26,33,34,7,7,7,7,T,T,1,2.242,121.758
1,26,33,34,8,8,8,8,A,A,1,2.242,121.758
1,26,33,34,9,9,9,9,G,G,1,2.242,121.758
1,26,33,34,10,10,10,10,C,C,1,2.242,121.758
1,26,33,34,11,11,11,11,T,T,1,2.242,121.758
1,26,33,34,12,12,12,12,A,A,1,2.242,121.758
1,26,33,34,13,13,13,13,G,G,1,2.242,121.758
1,26,33,34,14,14,14,14,C,C,1,2.242,121.758
1,26,33,34,15,15,15,15,T,T,1,2.242,121.758
1,26,33,34,16,16,16,16,A,A,1,2.242,121.758
1,26,33,34,17,17,17,17,A,A,1,2.242,121.758
1,26,33,34,18,18,18,18,C,C,1,2.242,121.758
1,26,33,34,19,19,19,19,G,G,1,2.242,121.758
1,26,33,34,20,20,20,20,T,T,1,2.242,121.758
1,26,33,34,21,21,21,21,A,A,1,2.242,121.758
1,26,33,34,22,22,22,22,G,G,1,2.242,121.758
1,26,33,34,23,23,23,23,C,C,1,2.242,121.758
1,26,33,34,24,24,24,24,T,T,1,2.242,121.758
1,26,33,34,25,25,25,25,A,A,1,2.242,121.758
1,26,33,34,26,26,26,26,G,G,1,2.242,121.758
1,26,33,34,27,27,27,27,C,C,1,2.242,121.758
1,26,33,34,28,28,28,28,T,T,1,2.242,121.758
1,26,33,34,29,29,29,29,A,A,1,2.242,121.758
1,26,33,34,30,30,30,30,A,A,1,2.242,121.758
1,26,33,34,31,31,31,31,C,C,1,2.242,121.758
1,26,33,34,32,32,32,32,G,G,1,2.242,121.758
1,27,34,35,0,0,0,0,T,T,1,2.363,131.844
1,27,34,35,1,1,1,1,G,G,1,2.363,131.844
1,27,34,35,2,2,2,2,C,C,1,2.363,131.844
1,27,34,35,3,3,3,3,A,A,1,2.363,131.844
1,27,34,35,4,4,4,4,T,T,1,2.363,131.844
1,27,34,35,5,5,5,5,G,G,1,2.363,131.844
1,27,34,35,6,6,6,6,A,A,1,2.363,131.844
1,27,34,35,7,7,7,7,C,C,1,2.363,131.844
1,27,34,35,8,8,8,8,T,T,1,2.363,131.844
1,27,34,35,9,9,9,9,G,G,1,2.363,131.844
1,27,34,35,10,10,10,10,A,A,1,2.363,131.844
1,27,34,35,11,11,11,11,C,C,1,2.363,131.844
1,27,34,35,12,12,12,12,T,T,1,2.363,131.844
1,27,34,35,13,13,13,13,G,G,1,2.363,131.844
1,27,34,35,14,14,14,14,A,A,1,2.363,131.844
1,27,34,35,15,15,15,15,C,C,1,2.363,131.844
1,27,34,35,16,16,16,16,A,A,1,2.363,131.844
1,27,34,35,17,17,17,17,G,G,1,2.363,131.844
1,27,34,35,18,18,18,18,A,A,1,2.363,131.844
1,27,34,35,19,19,19,19,C,C,1,2.363,131.844
1,27,34,35,20,20,20,20,T,T,1,2.363,131.844
1,27,34,35,21,21,21,21,G,G,1,2.363,131.844
1,27,34,35,22,22,22,22,A,A,1,2.363,131.844
1,27,34,35,23,23,23,23,C,C,1,2.363,131.844
1,27,34,35,24,24,24,24,T,T,1,2.363,131.844
1,27,34,35,25,25,25,25,G,G,1,2.363,131.844
1,27,34,35,26,26,26,26,A,A,1,2.363,131.844
1,27,34,35,27,27,27,27,C,C,1,2.363,131.844
1,27,34,35,28,28,28,28,T,T,1,2.363,131.844
1,27,34,35,29,29,29,29,G,G,1,2.363,131.844
1,27,34,35,30,30,30,30,A,A,1,2.363,131.844
1,27,34,35,31,31,31,31,C,C,1,2.363,131.844
1,27,34,35,32,32,32,32,T,T,1,2.363,131.844
1,27,34,35,33,33,33,33,G,G,1,2.363,131.844
1,28,34,35,0,0,0,0,A,A,1,2.185,129.125
1,28,34,35,1,1,1,1,T,T,1,2.185,129.125
1,28,34,35,2,2,2,2,G,G,1,2.185,129.125
1,28,34,35,3,3,3,3,C,C,1,2.185,129.125
1,28,34,35,4,4,4,4,G,G,1,2.185,129.125
1,28,34,35,5,5,5,5,T,T,1,2.185,129.125
1,28,34,35,6,6,6,6,A,A,1,2.185,129.125
1,28,34,35,7,7,7,7,C,C,1,2.185,129.125
1,28,34,35,8,8,8,8,G,G,1,2.185,129.125
1,28,34,35,9,9,9,9,T,T,1,2.185,129.125
1,28,34,35,10,10,10,10,T,T,1,2.185,129.125
1,28,34,35,11,11,11,11,A,A,1,2.185,129.125
1,28,34,35,12,12,12,12,G,G,1,2.185,129.125
1,28,34,35,13,13,13,13,C,C,1,2.185,129.125
1,28,34,35,14,14,14,14,G,G,1,2.185,129.125
1,28,34,35,15,15,15,15,T,T,1,2.185,129.125
1,28,34,35,16,16,16,16,A,A,1,2.185,129.125
1,28,34,35,17,17,17,17,C,C,1,2.185,129.125
1,28,34,35,18,18,18,18,G,G,1,2.185,129.125
1,28,34,35,19,19,19,19,T,T,1,2.185,129.125
1,28,34,35,20,20,20,20,T,T,1,2.185,129.125
1,28,34,35,21,21,21,21,A,A,1,2.185,129.125
1,28,34,35,22,22,22,22,G,G,1,2.185,129.125
1,28,34,35,23,23,23,23,C,C,1,2.185,129.125
1,28,34,35,24,24,24,24,G,G,1,2.185,129.125
1,28,34,35,25,25,25,25,T,T,1,2.185,129.125
1,28,34,35,26,26,26,26,A,A,1,2.185,129.125
1,28,34,35,27,27,27,27,C,C,1,2.185,129.125
1,28,34,35,28,28,28,28,G,G,1,2.185,129.125
1,28,34,35,29,29,29,29,T,T,1,2.185,129.125
1,28,34,35,30,30,30,30,T,T,1,2.185,129.125
1,28,34,35,31,31,31,31,A,A,1,2.185,129.125
1,28,34,35,32,32,32,32,G,G,1,2.185,129.125
1,28,34,35,33,33,33,33,C,C,1,2.185,129.125
1,29,35,35,0,0,0,0,C,C,1,2.322,134.617
1,29,35,35,1,1,1,1,G,G,1,2.322,134.617
1,29,35,35,2,2,2,2,T,T,1,2.322,134.617
1,29,35,35,3,3,3,3,A,A,1,2.322,134.617
1,29,35,35,4,4,4,4,G,G,1,2.322,134.617
1,29,35,35,5,5,5,5,C,C,1,2.322,134.617
1,29,35,35,6,6,6,6,T,T,1,2.322,134.617
1,29,35,35,7,7,7,7,A,A,1,2.322,134.617
1,29,35,35,8,8,8,8,G,G,1,2.322,134.617
1,29,35,35,9,9,9,9,C,C,1,2.322,134.617
1,29,35,35,10,10,10,10,T,T,1,2.322,134.617
1,29,35,35,11,11,11,11,A,A,1,2.322,134.617
1,29,35,35,12,12,12,12,A,A,1,2.322,134.617
1,29,35,35,13,13,13,13,C,C,1,2.322,134.617
1,29,35,35,14,14,14,14,G,G,1,2.322,134.617
1,29,35,35,15,15,15,15,T,T,1,2.322,134.617
1,29,35,35,16,16,16,16,T,T,1,2.322,134.617
1,29,35,35,17,17,17,17,A,A,1,2.322,134.617
1,29,35,35,18,18,18,18,C,C,1,2.322,134.617
1,29,35,35,19,19,19,19,G,G,1,2.322,134.617
1,29,35,35,20,20,20,20,A,A,1,2.322,134.617
1,29,35,35,21,21,21,21,T,T,1,2.322,134.617
1,29,35,35,22,22,22,22,C,C,1,2.322,134.617
1,29,35,35,23,23,23,23,G,G,1,2.322,134.617
1,29,35,35,24,24,24,24,T,T,1,2.322,134.617
1,29,35,35,25,25,25,25,A,A,1,2.322,134.617
1,29,35,35,26,26,26,26,G,G,1,2.322,134.617
1,29,35,35,27,27,27,27,C,C,1,2.322,134.617
1,29,35,35,28,28,28,28,T,T,1,2.322,134.617
1,29,35,35,29,29,29,29,A,A,1,2.322,134.617
1,29,35,35,30,30,30,30,G,G,1,2.322,134.617
1,29,35,35,31,31,31,31,C,C,1,2.322,134.617
1,29,35,35,32,32,32,32,T,T,1,2.322,134.617
1,29,35,35,33,33,33,33,A,A,1,2.322,134.617
1,29,35,35,34,34,34,34,A,T,0,2.322,134.617
1,30,35,35,0,0,0,0,G,G,1,2.387,130.797
1,30,35,35,1,1,1,1,C,C,1,2.387,130.797
1,30,35,35,2,2,2,2,T,T,1,2.387,130.797
1,30,35,35,3,3,3,3,A,A,1,2.387,130.797
1,30,35,35,4,4,4,4,G,G,1,2.387,130.797
1,30,35,35,5,5,5,5,C,C,1,2.387,130.797
1,30,35,35,6,6,6,6,G,G,1,2.387,130.797
1,30,35,35,7,7,7,7,T,T,1,2.387,130.797
1,30,35,35,8,8,8,8,A,A,1,2.387,130.797
1,30,35,35,9,9,9,9,C,C,1,2.387,130.797
1,30,35,35,10,10,10,10,G,G,1,2.387,130.797
1,30,35,35,11,11,11,11,T,T,1,2.387,130.797
1,30,35,35,12,12,12,12,A,A,1,2.387,130.797
1,30,35,35,13,13,13,13,G,G,1,2.387,130.797
1,30,35,35,14,14,14,14,C,C,1,2.387,130.797
1,30,35,35,15,15,15,15,T,T,1,2.387,130.797
1,30,35,35,16,16,16,16,A,A,1,2.387,130.797
1,30,35,35,17,17,17,17,G,G,1,2.387,130.797
1,30,35,35,18,18,18,18,C,C,1,2.387,130.797
1,30,35,35,19,19,19,19,T,T,1,2.387,130.797
1,30,35,35,20,20,20,20,A,A,1,2.387,130.797
1,30,35,35,21,21,21,21,A,A,1,2.387,130.797
1,30,35,35,22,22,22,22,C,C,1,2.387,130.797
1,30,35,35,23,23,23,23,G,G,1,2.387,130.797
1,30,35,35,24,24,24,24,T,T,1,2.387,130.797
1,30,35,35,25,25,25,25,T,T,1,2.387,130.797
1,30,35,35,26,26,26,26,A,A,1,2.387,130.797
1,30,35,35,27,27,27,27,G,G,1,2.387,130.797
1,30,35,35,28,28,28,28,C,C,1,2.387,130.797
1,30,35,35,29,29,29,29,T,T,1,2.387,130.797
1,30,35,35,30,30,30,30,A,A,1,2.387,130.797
1,30,35,35,31,31,31,31,G,G,1,2.387,130.797
1,30,35,35,32,32,32,32,C,C,1,2.387,130.797
1,30,35,35,33,33,33,33,T,T,1,2.387,130.797
1,30,35,35,34,34,34,34,A,C,0,2.387,130.797
1,31,36,36,0,0,0,0,T,T,1,2.403,144.234
1,31,36,36,1,1,1,1,A,A,1,2.403,144.234
1,31,36,36,2,2,2,2,C,C,1,2.403,144.234
1,31,36,36,3,3,3,3,G,G,1,2.403,144.234
1,31,36,36,4,4,4,4,T,T,1,2.403,144.234
1,31,36,36,5,5,5,5,T,T,1,2.403,144.234
1,31,36,36,6,6,6,6,A,A,1,2.403,144.234
1,31,36,36,7,7,7,7,G,G,1,2.403,144.234
1,31,36,36,8,8,8,8,C,C,1,2.403,144.234
1,31,36,36,9,9,9,9,T,T,1,2.403,144.234
1,31,36,36,10,10,10,10,A,A,1,2.403,144.234
1,31,36,36,11,11,11,11,G,G,1,2.403,144.234
1,31,36,36,12,12,12,12,C,C,1,2.403,144.234
1,31,36,36,13,13,13,13,T,T,1,2.403,144.234
1,31,36,36,14,14,14,14,A,A,1,2.403,144.234
1,31,36,36,15,15,15,15,G,G,1,2.403,144.234
1,31,36,36,16,16,16,16,C,C,1,2.403,144.234
1,31,36,36,17,17,17,17,G,G,1,2.403,144.234
1,31,36,36,18,18,18,18,T,T,1,2.403,144.234
1,31,36,36,19,19,19,19,T,T,1,2.403,144.234
1,31,36,36,20,20,20,20,A,A,1,2.403,144.234
1,31,36,36,21,21,21,21,A,A,1,2.403,144.234
1,31,36,36,22,22,22,22,T,T,1,2.403,144.234
1,31,36,36,23,23,23,23,C,C,1,2.403,144.234
1,31,36,36,24,24,24,24,G,G,1,2.403,144.234
1,31,36,36,25,25,25,25,T,T,1,2.403,144.234
1,31,36,36,26,26,26,26,A,A,1,2.403,144.234
1,31,36,36,27,27,27,27,G,G,1,2.403,144.234
1,31,36,36,28,28,28,28,C,C,1,2.403,144.234
1,31,36,36,29,29,29,29,T,T,1,2.403,144.234
1,31,36,36,30,30,30,30,A,A,1,2.403,144.234
1,31,36,36,31,31,31,31,A,A,1,2.403,144.234
1,31,36,36,32,32,32,32,C,C,1,2.403,144.234
1,31,36,36,33,33,33,33,G,G,1,2.403,144.234
1,31,36,36,34,34,34,34,T,T,1,2.403,144.234
1,31,36,36,35,35,35,35,T,A,0,2.403,144.234
1,32,36,36,0,0,0,0,G,G,1,2.492,143.031
1,32,36,36,1,1,1,1,G,G,1,2.492,143.031
1,32,36,36,2,2,2,2,C,C,1,2.492,143.031
1,32,36,36,3,3,3,3,T,T,1,2.492,143.031
1,32,36,36,4,4,4,4,T,T,1,2.492,143.031
1,32,36,36,5,5,5,5,A,A,1,2.492,143.031
1,32,36,36,6,6,6,6,C,C,1,2.492,143.031
1,32,36,36,7,7,7,7,G,G,1,2.492,143.031
1,32,36,36,8,8,8,8,A,A,1,2.492,143.031
1,32,36,36,9,9,9,9,T,T,1,2.492,143.031
1,32,36,36,10,10,10,10,C,C,1,2.492,143.031
1,32,36,36,11,11,11,11,G,G,1,2.492,143.031
1,32,36,36,12,12,12,12,T,T,1,2.492,143.031
1,32,36,36,13,13,13,13,A,A,1,2.492,143.031
1,32,36,36,14,14,14,14,G,G,1,2.492,143.031
1,32,36,36,15,15,15,15,C,C,1,2.492,143.031
1,32,36,36,16,16,16,16,T,T,1,2.492,143.031
1,32,36,36,17,17,17,17,A,A,1,2.492,143.031
1,32,36,36,18,18,18,18,G,G,1,2.492,143.031
1,32,36,36,19,19,19,19,C,C,1,2.492,143.031
1,32,36,36,20,20,20,20,A,A,1,2.492,143.031
1,32,36,36,21,21,21,21,G,G,1,2.492,143.031
1,32,36,36,22,22,22,22,T,T,1,2.492,143.031
1,32,36,36,23,23,23,23,T,T,1,2.492,143.031
1,32,36,36,24,24,24,24,A,A,1,2.492,143.031
1,32,36,36,25,25,25,25,G,G,1,2.492,143.031
1,32,36,36,26,26,26,26,C,C,1,2.492,143.031
1,32,36,36,27,27,27,27,T,T,1,2.492,143.031
1,32,36,36,28,28,28,28,A,A,1,2.492,143.031
1,32,36,36,29,29,29,29,A,A,1,2.492,143.031
1,32,36,36,30,30,30,30,C,C,1,2.492,143.031
1,32,36,36,31,31,31,31,G,G,1,2.492,143.031
1,32,36,36,32,32,32,32,T,T,1,2.492,143.031
1,32,36,36,33,33,33,33,T,T,1,2.492,143.031
1,32,36,36,34,34,34,34,A,A,1,2.492,143.031
1,32,36,36,35,35,35,35,G,T,0,2.492,143.031
1,33,37,37,0,0,0,0,A,A,1,2.455,153.055
1,33,37,37,1,1,1,1,T,T,1,2.455,153.055
1,33,37,37,2,2,2,2,C,C,1,2.455,153.055
1,33,37,37,3,3,3,3,G,G,1,2.455,153.055
1,33,37,37,4,4,4,4,T,T,1,2.455,153.055
1,33,37,37,5,5,5,5,A,A,1,2.455,153.055
1,33,37,37,6,6,6,6,C,C,1,2.455,153.055
1,33,37,37,7,7,7,7,G,G,1,2.455,153.055
1,33,37,37,8,8,8,8,T,T,1,2.455,153.055
1,33,37,37,9,9,9,9,T,T,1,2.455,153.055
1,33,37,37,10,10,10,10,A,A,1,2.455,153.055
1,33,37,37,11,11,11,11,G,G,1,2.455,153.055
1,33,37,37,12,12,12,12,C,C,1,2.455,153.055
1,33,37,37,13,13,13,13,T,T,1,2.455,153.055
1,33,37,37,14,14,14,14,A,A,1,2.455,153.055
1,33,37,37,15,15,15,15,G,G,1,2.455,153.055
1,33,37,37,16,16,16,16,C,C,1,2.455,153.055
1,33,37,37,17,17,17,17,T,T,1,2.455,153.055
1,33,37,37,18,18,18,18,A,A,1,2.455,153.055
1,33,37,37,19,19,19,19,A,A,1,2.455,153.055
1,33,37,37,20,20,20,20,C,C,1,2.455,153.055
1,33,37,37,21,21,21,21,G,G,1,2.455,153.055
1,33,37,37,22,22,22,22,T,T,1,2.455,153.055
1,33,37,37,23,23,23,23,T,T,1,2.455,153.055
1,33,37,37,24,24,24,24,A,A,1,2.455,153.055
1,33,37,37,25,25,25,25,G,G,1,2.455,153.055
1,33,37,37,26,26,26,26,C,C,1,2.455,153.055
1,33,37,37,27,27,27,27,G,G,1,2.455,153.055
1,33,37,37,28,28,28,28,T,T,1,2.455,153.055
1,33,37,37,29,29,29,29,A,A,1,2.455,153.055
1,33,37,37,30,30,30,30,G,G,1,2.455,153.055
1,33,37,37,31,31,31,31,C,C,1,2.455,153.055
1,33,37,37,32,32,32,32,T,T,1,2.455,153.055
1,33,37,37,33,33,33,33,A,A,1,2.455,153.055
1,33,37,37,34,34,34,34,A,A,1,2.455,153.055
1,33,37,37,35,35,35,35,C,C,1,2.455,153.055
1,33,37,37,36,36,36,36,G,G,1,2.455,153.055
1,34,38,38,0,0,0,0,G,G,1,2.312,159.977
1,34,38,38,1,1,1,1,A,A,1,2.312,159.977
1,34,38,38,2,2,2,2,T,T,1,2.312,159.977
1,34,38,38,3,3,3,3,C,C,1,2.312,159.977
1,34,38,38,4,4,4,4,G,G,1,2.312,159.977
1,34,38,38,5,5,5,5,T,T,1,2.312,159.977
1,34,38,38,6,6,6,6,A,A,1,2.312,159.977
1,34,38,38,7,7,7,7,G,G,1,2.312,159.977
1,34,38,38,8,8,8,8,C,C,1,2.312,159.977
1,34,38,38,9,9,9,9,T,T,1,2.312,159.977
1,34,38,38,10,10,10,10,A,A,1,2.312,159.977
1,34,38,38,11,11,11,11,G,G,1,2.312,159.977
1,34,38,38,12,12,12,12,C,C,1,2.312,159.977
1,34,38,38,13,13,13,13,T,T,1,2.312,159.977
1,34,38,38,14,14,14,14,A,A,1,2.312,159.977
1,34,38,38,15,15,15,15,G,G,1,2.312,159.977
1,34,38,38,16,16,16,16,C,C,1,2.312,159.977
1,34,38,38,17,17,17,17,T,T,1,2.312,159.977
1,34,38,38,18,18,18,18,A,A,1,2.312,159.977
1,34,38,38,19,19,19,19,A,A,1,2.312,159.977
1,34,38,38,20,20,20,20,C,C,1,2.312,159.977
1,34,38,38,21,21,21,21,G,G,1,2.312,159.977
1,34,38,38,22,22,22,22,T,T,1,2.312,159.977
1,34,38,38,23,23,23,23,T,T,1,2.312,159.977
1,34,38,38,24,24,24,24,A,A,1,2.312,159.977
1,34,38,38,25,25,25,25,C,C,1,2.312,159.977
1,34,38,38,26,26,26,26,G,G,1,2.312,159.977
1,34,38,38,27,27,27,27,T,T,1,2.312,159.977
1,34,38,38,28,28,28,28,T,T,1,2.312,159.977
1,34,38,38,29,29,29,29,A,A,1,2.312,159.977
1,34,38,38,30,30,30,30,G,G,1,2.312,159.977
1,34,38,38,31,31,31,31,C,C,1,2.312,159.977
1,34,38,38,32,32,32,32,T,T,1,2.312,159.977
1,34,38,38,33,33,33,33,A,A,1,2.312,159.977
1,34,38,38,34,34,34,34,G,G,1,2.312,159.977
1,34,38,38,35,35,35,35,C,C,1,2.312,159.977
1,34,38,38,36,36,36,36,T,T,1,2.312,159.977
1,34,38,38,37,37,37,37,A,T,0,2.312,159.977
1,35,39,39,0,0,0,0,T,T,1,2.651,165.883
1,35,39,39,1,1,1,1,G,G,1,2.651,165.883
1,35,39,39,2,2,2,2,C,C,1,2.651,165.883
1,35,39,39,3,3,3,3,A,A,1,2.651,165.883
1,35,39,39,4,4,4,4,T,T,1,2.651,165.883
1,35,39,39,5,5,5,5,G,G,1,2.651,165.883
1,35,39,39,6,6,6,6,A,A,1,2.651,165.883
1,35,39,39,7,7,7,7,C,C,1,2.651,165.883
1,35,39,39,8,8,8,8,T,T,1,2.651,165.883
1,35,39,39,9,9,9,9,G,G,1,2.651,165.883
1,35,39,39,10,10,10,10,A,A,1,2.651,165.883
1,35,39,39,11,11,11,11,C,C,1,2.651,165.883
1,35,39,39,12,12,12,12,T,T,1,2.651,165.883
1,35,39,39,13,13,13,13,G,G,1,2.651,165.883
1,35,39,39,14,14,14,14,A,A,1,2.651,165.883
1,35,39,39,15,15,15,15,C,C,1,2.651,165.883
1,35,39,39,16,16,16,16,T,T,1,2.651,165.883
1,35,39,39,17,17,17,17,G,G,1,2.651,165.883
1,35,39,39,18,18,18,18,A,A,1,2.651,165.883
1,35,39,39,19,19,19,19,C,C,1,2.651,165.883
1,35,39,39,20,20,20,20,G,G,1,2.651,165.883
1,35,39,39,21,21,21,21,T,T,1,2.651,165.883
1,35,39,39,22,22,22,22,A,A,1,2.651,165.883
1,35,39,39,23,23,23,23,G,G,1,2.651,165.883
1,35,39,39,24,24,24,24,C,C,1,2.651,165.883
1,35,39,39,25,25,25,25,T,T,1,2.651,165.883
1,35,39,39,26,26,26,26,A,A,1,2.651,165.883
1,35,39,39,27,27,27,27,G,G,1,2.651,165.883
1,35,39,39,28,28,28,28,C,C,1,2.651,165.883
1,35,39,39,29,29,29,29,T,T,1,2.651,165.883
1,35,39,39,30,30,30,30,A,A,1,2.651,165.883
1,35,39,39,31,31,31,31,A,A,1,2.651,165.883
1,35,39,39,32,32,32,32,C,C,1,2.651,165.883
1,35,39,39,33,33,33,33,G,G,1,2.651,165.883
1,35,39,39,34,34,34,34,T,T,1,2.651,165.883
1,35,39,39,35,35,35,35,T,T,1,2.651,165.883
1,35,39,39,36,36,36,36,A,A,1,2.651,165.883
1,35,39,39,37,37,37,37,G,G,1,2.651,165.883
1,35,39,39,38,38,38,38,C,T,0,2.651,165.883
1,36,40,40,0,0,0,0,C,C,1,2.445,168.602
1,36,40,40,1,1,1,1,G,G,1,2.445,168.602
1,36,40,40,2,2,2,2,T,T,1,2.445,168.602
1,36,40,40,3,3,3,3,A,A,1,2.445,168.602
1,36,40,40,4,4,4,4,C,C,1,2.445,168.602
1,36,40,40,5,5,5,5,G,G,1,2.445,168.602
1,36,40,40,6,6,6,6,T,T,1,2.445,168.602
1,36,40,40,7,7,7,7,A,A,1,2.445,168.602
1,36,40,40,8,8,8,8,G,G,1,2.445,168.602
1,36,40,40,9,9,9,9,C,C,1,2.445,168.602
1,36,40,40,10,10,10,10,T,T,1,2.445,168.602
1,36,40,40,11,11,11,11,A,A,1,2.445,168.602
1,36,40,40,12,12,12,12,G,G,1,2.445,168.602
1,36,40,40,13,13,13,13,C,C,1,2.445,168.602
1,36,40,40,14,14,14,14,T,T,1,2.445,168.602
1,36,40,40,15,15,15,15,A,A,1,2.445,168.602
1,36,40,40,16,16,16,16,G,G,1,2.445,168.602
1,36,40,40,17,17,17,17,C,C,1,2.445,168.602
1,36,40,40,18,18,18,18,T,T,1,2.445,168.602
1,36,40,40,19,19,19,19,A,A,1,2.445,168.602
1,36,40,40,20,20,20,20,A,A,1,2.445,168.602
1,36,40,40,21,21,21,21,C,C,1,2.445,168.602
1,36,40,40,22,22,22,22,T,T,1,2.445,168.602
1,36,40,40,23,23,23,23,G,G,1,2.445,168.602
1,36,40,40,24,24,24,24,A,A,1,2.445,168.602
1,36,40,40,25,25,25,25,C,C,1,2.445,168.602
1,36,40,40,26,26,26,26,T,T,1,2.445,168.602
1,36,40,40,27,27,27,27,G,G,1,2.445,168.602
1,36,40,40,28,28,28,28,A,A,1,2.445,168.602
1,36,40,40,29,29,29,29,C,C,1,2.445,168.602
1,36,40,40,30,30,30,30,T,T,1,2.445,168.602
1,36,40,40,31,31,31,31,G,G,1,2.445,168.602
1,36,40,40,32,32,32,32,A,A,1,2.445,168.602
1,36,40,40,33,33,33,33,C,C,1,2.445,168.602
1,36,40,40,34,34,34,34,T,T,1,2.445,168.602
1,36,40,40,35,35,35,35,G,G,1,2.445,168.602
1,36,40,40,36,36,36,36,A,A,1,2.445,168.602
1,36,40,40,37,37,37,37,C,C,1,2.445,168.602
1,36,40,40,38,38,38,38,T,T,1,2.445,168.602
1,36,40,40,39,39,39,39,G,A,0,2.445,168.602
1,37,41,41,0,0,0,0,G,G,1,2.624,176.906
1,37,41,41,1,1,1,1,C,C,1,2.624,176.906
1,37,41,41,2,2,2,2,T,T,1,2.624,176.906
1,37,41,41,3,3,3,3,T,T,1,2.624,176.906
1,37,41,41,4,4,4,4,A,A,1,2.624,176.906
1,37,41,41,5,5,5,5,G,G,1,2.624,176.906
1,37,41,41,6,6,6,6,C,C,1,2.624,176.906
1,37,41,41,7,7,7,7,G,G,1,2.624,176.906
1,37,41,41,8,8,8,8,T,T,1,2.624,176.906
1,37,41,41,9,9,9,9,A,A,1,2.624,176.906
1,37,41,41,10,10,10,10,C,C,1,2.624,176.906
1,37,41,41,11,11,11,11,G,G,1,2.624,176.906
1,37,41,41,12,12,12,12,T,T,1,2.624,176.906
1,37,41,41,13,13,13,13,T,T,1,2.624,176.906
1,37,41,41,14,14,14,14,A,A,1,2.624,176.906
1,37,41,41,15,15,15,15,G,G,1,2.624,176.906
1,37,41,41,16,16,16,16,C,C,1,2.624,176.906
1,37,41,41,17,17,17,17,T,T,1,2.624,176.906
1,37,41,41,18,18,18,18,A,A,1,2.624,176.906
1,37,41,41,19,19,19,19,G,G,1,2.624,176.906
1,37,41,41,20,20,20,20,C,C,1,2.624,176.906
1,37,41,41,21,21,21,21,G,G,1,2.624,176.906
1,37,41,41,22,22,22,22,T,T,1,2.624,176.906
1,37,41,41,23,23,23,23,A,A,1,2.624,176.906
1,37,41,41,24,24,24,24,G,G,1,2.624,176.906
1,37,41,41,25,25,25,25,C,C,1,2.624,176.906
1,37,41,41,26,26,26,26,T,T,1,2.624,176.906
1,37,41,41,27,27,27,27,A,A,1,2.624,176.906
1,37,41,41,28,28,28,28,G,G,1,2.624,176.906
1,37,41,41,29,29,29,29,C,C,1,2.624,176.906
1,37,41,41,30,30,30,30,T,T,1,2.624,176.906
1,37,41,41,31,31,31,31,A,A,1,2.624,176.906
1,37,41,41,32,32,32,32,A,A,1,2.624,176.906
1,37,41,41,33,33,33,33,C,C,1,2.624,176.906
1,37,41,41,34,34,34,34,G,G,1,2.624,176.906
1,37,41,41,35,35,35,35,T,T,1,2.624,176.906
1,37,41,41,36,36,36,36,T,T,1,2.624,176.906
1,37,41,41,37,37,37,37,A,A,1,2.624,176.906
1,37,41,41,38,38,38,38,G,G,1,2.624,176.906
1,37,41,41,39,39,39,39,C,C,1,2.624,176.906
1,37,41,41,40,40,40,40,T,T,1,2.624,176.906
1,38,42,42,0,0,0,0,T,T,1,2.444,183.758
1,38,42,42,1,1,1,1,A,A,1,2.444,183.758
1,38,42,42,2,2,2,2,C,C,1,2.444,183.758
1,38,42,42,3,3,3,3,G,G,1,2.444,183.758
1,38,42,42,4,4,4,4,T,T,1,2.444,183.758
1,38,42,42,5,5,5,5,T,T,1,2.444,183.758
1,38,42,42,6,6,6,6,A,A,1,2.444,183.758
1,38,42,42,7,7,7,7,G,G,1,2.444,183.758
1,38,42,42,8,8,8,8,C,C,1,2.444,183.758
1,38,42,42,9,9,9,9,T,T,1,2.444,183.758
1,38,42,42,10,10,10,10,A,A,1,2.444,183.758
1,38,42,42,11,11,11,11,G,G,1,2.444,183.758
1,38,42,42,12,12,12,12,C,C,1,2.444,183.758
1,38,42,42,13,13,13,13,G,G,1,2.444,183.758
1,38,42,42,14,14,14,14,T,T,1,2.444,183.758
1,38,42,42,15,15,15,15,A,A,1,2.444,183.758
1,38,42,42,16,16,16,16,C,C,1,2.444,183.758
1,38,42,42,17,17,17,17,G,G,1,2.444,183.758
1,38,42,42,18,18,18,18,T,T,1,2.444,183.758
1,38,42,42,19,19,19,19,T,T,1,2.444,183.758
1,38,42,42,20,20,20,20,A,A,1,2.444,183.758
1,38,42,42,21,21,21,21,G,G,1,2.444,183.758
1,38,42,42,22,22,22,22,C,C,1,2.444,183.758
1,38,42,42,23,23,23,23,T,T,1,2.444,183.758
1,38,42,42,24,24,24,24,A,A,1,2.444,183.758
1,38,42,42,25,25,25,25,G,G,1,2.444,183.758
1,38,42,42,26,26,26,26,C,C,1,2.444,183.758
1,38,42,42,27,27,27,27,T,T,1,2.444,183.758
1,38,42,42,28,28,28,28,A,A,1,2.444,183.758
1,38,42,42,29,29,29,29,A,A,1,2.444,183.758
1,38,42,42,30,30,30,30,C,C,1,2.444,183.758
1,38,42,42,31,31,31,31,G,G,1,2.444,183.758
1,38,42,42,32,32,32,32,T,T,1,2.444,183.758
1,38,42,42,33,33,33,33,T,T,1,2.444,183.758
1,38,42,42,34,34,34,34,A,A,1,2.444,183.758
1,38,42,42,35,35,35,35,G,G,1,2.444,183.758
1,38,42,42,36,36,36,36,C,C,1,2.444,183.758
1,38,42,42,37,37,37,37,T,T,1,2.444,183.758
1,38,42,42,38,38,38,38,A,A,1,2.444,183.758
1,38,42,42,39,39,39,39,G,G,1,2.444,183.758
1,38,42,42,40,40,40,40,C,C,1,2.444,183.758
1,38,42,42,41,41,41,41,T,A,0,2.444,183.758
1,39,43,43,0,0,0,0,A,A,1,2.702,189.688
1,39,43,43,1,1,1,1,T,T,1,2.702,189.688
1,39,43,43,2,2,2,2,C,C,1,2.702,189.688
1,39,43,43,3,3,3,3,G,G,1,2.702,189.688
1,39,43,43,4,4,4,4,T,T,1,2.702,189.688
1,39,43,43,5,5,5,5,A,A,1,2.702,189.688
1,39,43,43,6,6,6,6,G,G,1,2.702,189.688
1,39,43,43,7,7,7,7,C,C,1,2.702,189.688
1,39,43,43,8,8,8,8,T,T,1,2.702,189.688
1,39,43,43,9,9,9,9,A,A,1,2.702,189.688
1,39,43,43,10,10,10,10,A,A,1,2.702,189.688
1,39,43,43,11,11,11,11,C,C,1,2.702,189.688
1,39,43,43,12,12,12,12,G,G,1,2.702,189.688
1,39,43,43,13,13,13,13,T,T,1,2.702,189.688
1,39,43,43,14,14,14,14,T,T,1,2.702,189.688
1,39,43,43,15,15,15,15,A,A,1,2.702,189.688
1,39,43,43,16,16,16,16,G,G,1,2.702,189.688
1,39,43,43,17,17,17,17,C,C,1,2.702,189.688
1,39,43,43,18,18,18,18,T,T,1,2.702,189.688
1,39,43,43,19,19,19,19,A,A,1,2.702,189.688
1,39,43,43,20,20,20,20,G,G,1,2.702,189.688
1,39,43,43,21,21,21,21,C,C,1,2.702,189.688
1,39,43,43,22,22,22,22,T,T,1,2.702,189.688
1,39,43,43,23,23,23,23,A,A,1,2.702,189.688
1,39,43,43,24,24,24,24,A,A,1,2.702,189.688
1,39,43,43,25,25,25,25,C,C,1,2.702,189.688
1,39,43,43,26,26,26,26,G,G,1,2.702,189.688
1,39,43,43,27,27,27,27,T,T,1,2.702,189.688
1,39,43,43,28,28,28,28,T,T,1,2.702,189.688
1,39,43,43,29,29,29,29,A,A,1,2.702,189.688
1,39,43,43,30,30,30,30,G,G,1,2.702,189.688
1,39,43,43,31,31,31,31,C,C,1,2.702,189.688
1,39,43,43,32,32,32,32,G,G,1,2.702,189.688
1,39,43,43,33,33,33,33,T,T,1,2.702,189.688
1,39,43,43,34,34,34,34,A,A,1,2.702,189.688
1,39,43,43,35,35,35,35,C,C,1,2.702,189.688
1,39,43,43,36,36,36,36,G,G,1,2.702,189.688
1,39,43,43,37,37,37,37,T,T,1,2.702,189.688
1,39,43,43,38,38,38,38,T,T,1,2.702,189.688
1,39,43,43,39,39,39,39,A,A,1,2.702,189.688
1,39,43,43,40,40,40,40,G,G,1,2.702,189.688
1,39,43,43,41,41,41,41,C,C,1,2.702,189.688
1,39,43,43,42,42,42,42,T,C,0,2.702,189.688
1,40,44,44,0,0,0,0,G,G,1,2.740,211.008
1,40,44,44,1,1,1,1,G,G,1,2.740,211.008
1,40,44,44,2,2,2,2,A,A,1,2.740,211.008
1,40,44,44,3,3,3,3,T,T,1,2.740,211.008
1,40,44,44,4,4,4,4,C,C,1,2.740,211.008
1,40,44,44,5,5,5,5,C,C,1,2.740,211.008
1,40,44,44,6,6,6,6,G,G,1,2.740,211.008
1,40,44,44,7,7,7,7,T,T,1,2.740,211.008
1,40,44,44,8,8,8,8,A,A,1,2.740,211.008
1,40,44,44,9,9,9,9,G,G,1,2.740,211.008
1,40,44,44,10,10,10,10,C,C,1,2.740,211.008
1,40,44,44,11,11,11,11,T,T,1,2.740,211.008
1,40,44,44,12,12,12,12,T,T,1,2.740,211.008
1,40,44,44,13,13,13,13,A,A,1,2.740,211.008
1,40,44,44,14,14,14,14,C,C,1,2.740,211.008
1,40,44,44,15,15,15,15,G,G,1,2.740,211.008
1,40,44,44,16,16,16,16,T,T,1,2.740,211.008
1,40,44,44,17,17,17,17,T,T,1,2.740,211.008
1,40,44,44,18,18,18,18,A,A,1,2.740,211.008
1,40,44,44,19,19,19,19,C,C,1,2.740,211.008
1,40,44,44,20,20,20,20,G,G,1,2.740,211.008
1,40,44,44,21,21,21,21,A,A,1,2.740,211.008
1,40,44,44,22,22,22,22,T,T,1,2.740,211.008
1,40,44,44,23,23,23,23,C,C,1,2.740,211.008
1,40,44,44,24,24,24,24,G,G,1,2.740,211.008
1,40,44,44,25,25,25,25,T,T,1,2.740,211.008
1,40,44,44,26,26,26,26,A,A,1,2.740,211.008
1,40,44,44,27,27,27,27,G,G,1,2.740,211.008
1,40,44,44,28,28,28,28,C,C,1,2.740,211.008
1,40,44,44,29,29,29,29,T,T,1,2.740,211.008
1,40,44,44,30,30,30,30,A,A,1,2.740,211.008
1,40,44,44,31,31,31,31,G,G,1,2.740,211.008
1,40,44,44,32,32,32,32,C,C,1,2.740,211.008
1,40,44,44,33,33,33,33,T,T,1,2.740,211.008
1,40,44,44,34,34,34,34,A,A,1,2.740,211.008
1,40,44,44,35,35,35,35,A,A,1,2.740,211.008
1,40,44,44,36,36,36,36,C,C,1,2.740,211.008
1,40,44,44,37,37,37,37,G,G,1,2.740,211.008
1,40,44,44,38,38,38,38,T,T,1,2.740,211.008
1,40,44,44,39,39,39,39,T,T,1,2.740,211.008
1,40,44,44,40,40,40,40,A,A,1,2.740,211.008
1,40,44,44,41,41,41,41,G,G,1,2.740,211.008
1,40,44,44,42,42,42,42,C,C,1,2.740,211.008
1,40,44,44,43,43,43,43,T,A,0,2.740,211.008
1,41,45,45,0,0,0,0,T,T,1,2.240,215.281
1,41,45,45,1,1,1,1,G,G,1,2.240,215.281
1,41,45,45,2,2,2,2,C,C,1,2.240,215.281
1,41,45,45,3,3,3,3,A,A,1,2.240,215.281
1,41,45,45,4,4,4,4,T,T,1,2.240,215.281
1,41,45,45,5,5,5,5,G,G,1,2.240,215.281
1,41,45,45,6,6,6,6,A,A,1,2.240,215.281
1,41,45,45,7,7,7,7,C,C,1,2.240,215.281
1,41,45,45,8,8,8,8,T,T,1,2.240,215.281
1,41,45,45,9,9,9,9,G,G,1,2.240,215.281
1,41,45,45,10,10,10,10,A,A,1,2.240,215.281
1,41,45,45,11,11,11,11,C,C,1,2.240,215.281
1,41,45,45,12,12,12,12,T,T,1,2.240,215.281
1,41,45,45,13,13,13,13,G,G,1,2.240,215.281
1,41,45,45,14,14,14,14,A,A,1,2.240,215.281
1,41,45,45,15,15,15,15,C,C,1,2.240,215.281
1,41,45,45,16,16,16,16,T,T,1,2.240,215.281
1,41,45,45,17,17,17,17,G,G,1,2.240,215.281
1,41,45,45,18,18,18,18,A,A,1,2.240,215.281
1,41,45,45,19,19,19,19,C,C,1,2.240,215.281
1,41,45,45,20,20,20,20,T,T,1,2.240,215.281
1,41,45,45,21,21,21,21,G,G,1,2.240,215.281
1,41,45,45,22,22,22,22,A,A,1,2.240,215.281
1,41,45,45,23,23,23,23,C,C,1,2.240,215.281
1,41,45,45,24,24,24,24,T,T,1,2.240,215.281
1,41,45,45,25,25,25,25,G,G,1,2.240,215.281
1,41,45,45,26,26,26,26,A,A,1,2.240,215.281
1,41,45,45,27,27,27,27,C,C,1,2.240,215.281
1,41,45,45,28,28,28,28,T,T,1,2.240,215.281
1,41,45,45,29,29,29,29,G,G,1,2.240,215.281
1,41,45,45,30,30,30,30,A,A,1,2.240,215.281
1,41,45,45,31,31,31,31,C,C,1,2.240,215.281
1,41,45,45,32,32,32,32,T,T,1,2.240,215.281
1,41,45,45,33,33,33,33,G,G,1,2.240,215.281
1,41,45,45,34,34,34,34,A,A,1,2.240,215.281
1,41,45,45,35,35,35,35,C,C,1,2.240,215.281
1,41,45,45,36,36,36,36,T,T,1,2.240,215.281
1,41,45,45,37,37,37,37,G,G,1,2.240,215.281
1,41,45,45,38,38,38,38,A,A,1,2.240,215.281
1,41,45,45,39,39,39,39,C,C,1,2.240,215.281
1,41,45,45,40,40,40,40,T,T,1,2.240,215.281
1,41,45,45,41,41,41,41,G,G,1,2.240,215.281
1,41,45,45,42,42,42,42,A,A,1,2.240,215.281
1,41,45,45,44,44,43,43,T,T,1,2.240,215.281
1,41,45,45,43,43,44,44,C,A,0,2.240,215.281
1,42,46,47,0,0,0,0,A,A,1,2.230,226.875
1,42,46,47,1,1,1,1,T,T,1,2.230,226.875
1,42,46,47,2,2,2,2,G,G,1,2.230,226.875
1,42,46,47,3,3,3,3,C,C,1,2.230,226.875
1,42,46,47,4,4,4,4,G,G,1,2.230,226.875
1,42,46,47,5,5,5,5,T,T,1,2.230,226.875
1,42,46,47,6,6,6,6,T,T,1,2.230,226.875
1,42,46,47,7,7,7,7,A,A,1,2.230,226.875
1,42,46,47,8,8,8,8,A,A,1,2.230,226.875
1,42,46,47,9,9,9,9,T,T,1,2.230,226.875
1,42,46,47,10,10,10,10,G,G,1,2.230,226.875
1,42,46,47,11,11,11,11,C,C,1,2.230,226.875
1,42,46,47,12,12,12,12,G,G,1,2.230,226.875
1,42,46,47,13,13,13,13,T,T,1,2.230,226.875
1,42,46,47,14,14,14,14,T,T,1,2.230,226.875
1,42,46,47,15,15,15,15,A,A,1,2.230,226.875
1,42,46,47,16,16,16,16,A,A,1,2.230,226.875
1,42,46,47,17,17,17,17,T,T,1,2.230,226.875
1,42,46,47,18,18,18,18,G,G,1,2.230,226.875
1,42,46,47,19,19,19,19,C,C,1,2.230,226.875
1,42,46,47,20,20,20,20,G,G,1,2.230,226.875
1,42,46,47,21,21,21,21,T,T,1,2.230,226.875
1,42,46,47,22,22,22,22,T,T,1,2.230,226.875
1,42,46,47,23,23,23,23,A,A,1,2.230,226.875
1,42,46,47,24,24,24,24,A,A,1,2.230,226.875
1,42,46,47,25,25,25,25,T,T,1,2.230,226.875
1,42,46,47,26,26,26,26,G,G,1,2.230,226.875
1,42,46,47,27,27,27,27,C,C,1,2.230,226.875
1,42,46,47,28,28,28,28,G,G,1,2.230,226.875
1,42,46,47,29,29,29,29,T,T,1,2.230,226.875
1,42,46,47,30,30,30,30,T,T,1,2.230,226.875
1,42,46,47,31,31,31,31,A,A,1,2.230,226.875
1,42,46,47,32,32,32,32,A,A,1,2.230,226.875
1,42,46,47,33,33,33,33,T,T,1,2.230,226.875
1,42,46,47,34,34,34,34,G,G,1,2.230,226.875
1,42,46,47,35,35,35,35,C,C,1,2.230,226.875
1,42,46,47,36,36,36,36,G,G,1,2.230,226.875
1,42,46,47,37,37,37,37,T,T,1,2.230,226.875
1,42,46,47,38,38,38,38,T,T,1,2.230,226.875
1,42,46,47,39,39,39,39,A,A,1,2.230,226.875
1,42,46,47,40,40,40,40,A,A,1,2.230,226.875
1,42,46,47,41,41,41,41,T,T,1,2.230,226.875
1,42,46,47,42,42,42,42,G,G,1,2.230,226.875
1,42,46,47,43,43,43,43,C,C,1,2.230,226.875
1,42,46,47,44,44,44,44,G,G,1,2.230,226.875
1,42,46,47,45,45,45,45,T,T,1,2.230,226.875
1,43,47,47,0,0,0,0,G,G,1,2.296,235.625
1,43,47,47,1,1,1,1,A,A,1,2.296,235.625
1,43,47,47,2,2,2,2,T,T,1,2.296,235.625
1,43,47,47,3,3,3,3,T,T,1,2.296,235.625
1,43,47,47,4,4,4,4,A,A,1,2.296,235.625
1,43,47,47,5,5,5,5,C,C,1,2.296,235.625
1,43,47,47,6,6,6,6,A,A,1,2.296,235.625
1,43,47,47,7,7,7,7,G,G,1,2.296,235.625
1,43,47,47,8,8,8,8,G,G,1,2.296,235.625
1,43,47,47,9,9,9,9,C,C,1,2.296,235.625
1,43,47,47,10,10,10,10,T,T,1,2.296,235.625
1,43,47,47,11,11,11,11,T,T,1,2.296,235.625
1,43,47,47,12,12,12,12,A,A,1,2.296,235.625
1,43,47,47,13,13,13,13,C,C,1,2.296,235.625
1,43,47,47,14,14,14,14,G,G,1,2.296,235.625
1,43,47,47,15,15,15,15,A,A,1,2.296,235.625
1,43,47,47,16,16,16,16,A,A,1,2.296,235.625
1,43,47,47,17,17,17,17,T,T,1,2.296,235.625
1,43,47,47,18,18,18,18,C,C,1,2.296,235.625
1,43,47,47,19,19,19,19,G,G,1,2.296,235.625
1,43,47,47,20,20,20,20,T,T,1,2.296,235.625
1,43,47,47,21,21,21,21,A,A,1,2.296,235.625
1,43,47,47,22,22,22,22,C,C,1,2.296,235.625
1,43,47,47,23,23,23,23,G,G,1,2.296,235.625
1,43,47,47,24,24,24,24,T,T,1,2.296,235.625
1,43,47,47,25,25,25,25,T,T,1,2.296,235.625
1,43,47,47,26,26,26,26,A,A,1,2.296,235.625
1,43,47,47,27,27,27,27,G,G,1,2.296,235.625
1,43,47,47,28,28,28,28,C,C,1,2.296,235.625
1,43,47,47,29,29,29,29,T,T,1,2.296,235.625
1,43,47,47,30,30,30,30,A,A,1,2.296,235.625
1,43,47,47,31,31,31,31,G,G,1,2.296,235.625
1,43,47,47,32,32,32,32,C,C,1,2.296,235.625
1,43,47,47,33,33,33,33,T,T,1,2.296,235.625
1,43,47,47,34,34,34,34,A,A,1,2.296,235.625
1,43,47,47,35,35,35,35,A,A,1,2.296,235.625
1,43,47,47,36,36,36,36,C,C,1,2.296,235.625
1,43,47,47,37,37,37,37,G,G,1,2.296,235.625
1,43,47,47,38,38,38,38,T,T,1,2.296,235.625
1,43,47,47,39,39,39,39,T,T,1,2.296,235.625
1,43,47,47,40,40,40,40,A,A,1,2.296,235.625
1,43,47,47,41,41,41,41,G,G,1,2.296,235.625
1,43,47,47,42,42,42,42,C,C,1,2.296,235.625
1,43,47,47,43,43,43,43,T,T,1,2.296,235.625
1,43,47,47,44,44,44,44,A,A,1,2.296,235.625
1,43,47,47,45,45,45,45,G,G,1,2.296,235.625
1,43,47,47,46,46,46,46,C,T,0,2.296,235.625
1,44,47,48,0,0,0,0,C,C,1,2.145,233.969
1,44,47,48,1,1,1,1,G,G,1,2.145,233.969
1,44,47,48,2,2,2,2,T,T,1,2.145,233.969
1,44,47,48,3,3,3,3,A,A,1,2.145,233.969
1,44,47,48,4,4,4,4,C,C,1,2.145,233.969
1,44,47,48,5,5,5,5,G,G,1,2.145,233.969
1,44,47,48,6,6,6,6,T,T,1,2.145,233.969
1,44,47,48,7,7,7,7,T,T,1,2.145,233.969
1,44,47,48,8,8,8,8,A,A,1,2.145,233.969
1,44,47,48,9,9,9,9,G,G,1,2.145,233.969
1,44,47,48,10,10,10,10,C,C,1,2.145,233.969
1,44,47,48,11,11,11,11,T,T,1,2.145,233.969
1,44,47,48,12,12,12,12,A,A,1,2.145,233.969
1,44,47,48,13,13,13,13,G,G,1,2.145,233.969
1,44,47,48,14,14,14,14,C,C,1,2.145,233.969
1,44,47,48,15,15,15,15,T,T,1,2.145,233.969
1,44,47,48,16,16,16,16,A,A,1,2.145,233.969
1,44,47,48,17,17,17,17,A,A,1,2.145,233.969
1,44,47,48,18,18,18,18,C,C,1,2.145,233.969
1,44,47,48,19,19,19,19,G,G,1,2.145,233.969
1,44,47,48,20,20,20,20,T,T,1,2.145,233.969
1,44,47,48,21,21,21,21,A,A,1,2.145,233.969
1,44,47,48,22,22,22,22,G,G,1,2.145,233.969
1,44,47,48,23,23,23,23,C,C,1,2.145,233.969
1,44,47,48,24,24,24,24,T,T,1,2.145,233.969
1,44,47,48,25,25,25,25,A,A,1,2.145,233.969
1,44,47,48,26,26,26,26,G,G,1,2.145,233.969
1,44,47,48,27,27,27,27,C,C,1,2.145,233.969
1,44,47,48,28,28,28,28,T,T,1,2.145,233.969
1,44,47,48,29,29,29,29,A,A,1,2.145,233.969
1,44,47,48,30,30,30,30,A,A,1,2.145,233.969
1,44,47,48,31,31,31,31,C,C,1,2.145,233.969
1,44,47,48,32,32,32,32,G,G,1,2.145,233.969
1,44,47,48,33,33,33,33,T,T,1,2.145,233.969
1,44,47,48,34,34,34,34,T,T,1,2.145,233.969
1,44,47,48,35,35,35,35,A,A,1,2.145,233.969
1,44,47,48,36,36,36,36,G,G,1,2.145,233.969
1,44,47,48,37,37,37,37,C,C,1,2.145,233.969
1,44,47,48,38,38,38,38,T,T,1,2.145,233.969
1,44,47,48,39,39,39,39,A,A,1,2.145,233.969
1,44,47,48,40,40,40,40,G,G,1,2.145,233.969
1,44,47,48,41,41,41,41,C,C,1,2.145,233.969
1,44,47,48,42,42,42,42,T,T,1,2.145,233.969
1,44,47,48,43,43,43,43,A,A,1,2.145,233.969
1,44,47,48,44,44,44,44,A,A,1,2.145,233.969
1,44,47,48,45,45,45,45,C,C,1,2.145,233.969
1,44,47,48,46,46,46,46,G,G,1,2.145,233.969
1,45,47,48,0,0,0,0,T,T,1,2.183,233.664
1,45,47,48,1,1,1,1,G,G,1,2.183,233.664
1,45,47,48,2,2,2,2,C,C,1,2.183,233.664
1,45,47,48,3,3,3,3,A,A,1,2.183,233.664
1,45,47,48,4,4,4,4,T,T,1,2.183,233.664
1,45,47,48,5,5,5,5,G,G,1,2.183,233.664
1,45,47,48,6,6,6,6,A,A,1,2.183,233.664
1,45,47,48,7,7,7,7,C,C,1,2.183,233.664
1,45,47,48,8,8,8,8,T,T,1,2.183,233.664
1,45,47,48,9,9,9,9,G,G,1,2.183,233.664
1,45,47,48,10,10,10,10,A,A,1,2.183,233.664
1,45,47,48,11,11,11,11,C,C,1,2.183,233.664
1,45,47,48,12,12,12,12,T,T,1,2.183,233.664
1,45,47,48,13,13,13,13,G,G,1,2.183,233.664
1,45,47,48,14,14,14,14,A,A,1,2.183,233.664
1,45,47,48,15,15,15,15,C,C,1,2.183,233.664
1,45,47,48,16,16,16,16,A,A,1,2.183,233.664
1,45,47,48,17,17,17,17,G,G,1,2.183,233.664
1,45,47,48,18,18,18,18,A,A,1,2.183,233.664
1,45,47,48,19,19,19,19,C,C,1,2.183,233.664
1,45,47,48,20,20,20,20,T,T,1,2.183,233.664
1,45,47,48,21,21,21,21,G,G,1,2.183,233.664
1,45,47,48,22,22,22,22,A,A,1,2.183,233.664
1,45,47,48,23,23,23,23,C,C,1,2.183,233.664
1,45,47,48,24,24,24,24,T,T,1,2.183,233.664
1,45,47,48,25,25,25,25,G,G,1,2.183,233.664
1,45,47,48,26,26,26,26,A,A,1,2.183,233.664
1,45,47,48,27,27,27,27,C,C,1,2.183,233.664
1,45,47,48,28,28,28,28,T,T,1,2.183,233.664
1,45,47,48,29,29,29,29,G,G,1,2.183,233.664
1,45,47,48,30,30,30,30,A,A,1,2.183,233.664
1,45,47,48,31,31,31,31,C,C,1,2.183,233.664
1,45,47,48,32,32,32,32,T,T,1,2.183,233.664
1,45,47,48,33,33,33,33,G,G,1,2.183,233.664
1,45,47,48,34,34,34,34,A,A,1,2.183,233.664
1,45,47,48,35,35,35,35,C,C,1,2.183,233.664
1,45,47,48,36,36,36,36,T,T,1,2.183,233.664
1,45,47,48,37,37,37,37,G,G,1,2.183,233.664
1,45,47,48,38,38,38,38,A,A,1,2.183,233.664
1,45,47,48,39,39,39,39,C,C,1,2.183,233.664
1,45,47,48,40,40,40,40,T,T,1,2.183,233.664
1,45,47,48,41,41,41,41,G,G,1,2.183,233.664
1,45,47,48,42,42,42,42,A,A,1,2.183,233.664
1,45,47,48,43,43,43,43,C,C,1,2.183,233.664
1,45,47,48,44,44,44,44,T,T,1,2.183,233.664
1,45,47,48,45,45,45,45,G,G,1,2.183,233.664
1,45,47,48,46,46,46,46,A,A,1,2.183,233.664
1,46,48,48,0,0,0,0,A,A,1,2.502,238.930
1,46,48,48,1,1,1,1,T,T,1,2.502,238.930
1,46,48,48,2,2,2,2,G,G,1,2.502,238.930
1,46,48,48,3,3,3,3,C,C,1,2.502,238.930
1,46,48,48,4,4,4,4,G,G,1,2.502,238.930
1,46,48,48,5,5,5,5,T,T,1,2.502,238.930
1,46,48,48,6,6,6,6,A,A,1,2.502,238.930
1,46,48,48,7,7,7,7,C,C,1,2.502,238.930
1,46,48,48,8,8,8,8,G,G,1,2.502,238.930
1,46,48,48,9,9,9,9,T,T,1,2.502,238.930
1,46,48,48,10,10,10,10,T,T,1,2.502,238.930
1,46,48,48,11,11,11,11,A,A,1,2.502,238.930
1,46,48,48,12,12,12,12,G,G,1,2.502,238.930
1,46,48,48,13,13,13,13,C,C,1,2.502,238.930
1,46,48,48,14,14,14,14,G,G,1,2.502,238.930
1,46,48,48,15,15,15,15,T,T,1,2.502,238.930
1,46,48,48,16,16,16,16,A,A,1,2.502,238.930
1,46,48,48,17,17,17,17,C,C,1,2.502,238.930
1,46,48,48,18,18,18,18,G,G,1,2.502,238.930
1,46,48,48,19,19,19,19,T,T,1,2.502,238.930
1,46,48,48,20,20,20,20,T,T,1,2.502,238.930
1,46,48,48,21,21,21,21,A,A,1,2.502,238.930
1,46,48,48,22,22,22,22,G,G,1,2.502,238.930
1,46,48,48,23,23,23,23,C,C,1,2.502,238.930
1,46,48,48,24,24,24,24,G,G,1,2.502,238.930
1,46,48,48,25,25,25,25,T,T,1,2.502,238.930
1,46,48,48,26,26,26,26,A,A,1,2.502,238.930
1,46,48,48,27,27,27,27,C,C,1,2.502,238.930
1,46,48,48,28,28,28,28,G,G,1,2.502,238.930
1,46,48,48,29,29,29,29,T,T,1,2.502,238.930
1,46,48,48,30,30,30,30,T,T,1,2.502,238.930
1,46,48,48,31,31,31,31,A,A,1,2.502,238.930
1,46,48,48,32,32,32,32,G,G,1,2.502,238.930
1,46,48,48,33,33,33,33,C,C,1,2.502,238.930
1,46,48,48,34,34,34,34,G,G,1,2.502,238.930
1,46,48,48,35,35,35,35,T,T,1,2.502,238.930
1,46,48,48,36,36,36,36,A,A,1,2.502,238.930
1,46,48,48,37,37,37,37,C,C,1,2.502,238.930
1,46,48,48,38,38,38,38,G,G,1,2.502,238.930
1,46,48,48,39,39,39,39,T,T,1,2.502,238.930
1,46,48,48,40,40,40,40,T,T,1,2.502,238.930
1,46,48,48,41,41,41,41,A,A,1,2.502,238.930
1,46,48,48,42,42,42,42,G,G,1,2.502,238.930
1,46,48,48,43,43,43,43,C,C,1,2.502,238.930
1,46,48,48,44,44,44,44,G,G,1,2.502,238.930
1,46,48,48,45,45,45,45,T,T,1,2.502,238.930
1,46,48,48,46,46,46,46,A,A,1,2.502,238.930
1,46,48,48,47,47,47,47,C,T,0,2.502,238.930
1,47,49,49,0,0,0,0,C,C,1,2.527,250.813
1,47,49,49,1,1,1,1,G,G,1,2.527,250.813
1,47,49,49,2,2,2,2,T,T,1,2.527,250.813
1,47,49,49,3,3,3,3,A,A,1,2.527,250.813
1,47,49,49,4,4,4,4,G,G,1,2.527,250.813
1,47,49,49,5,5,5,5,C,C,1,2.527,250.813
1,47,49,49,6,6,6,6,T,T,1,2.527,250.813
1,47,49,49,7,7,7,7,A,A,1,2.527,250.813
1,47,49,49,8,8,8,8,G,G,1,2.527,250.813
1,47,49,49,9,9,9,9,C,C,1,2.527,250.813
1,47,49,49,10,10,10,10,T,T,1,2.527,250.813
1,47,49,49,11,11,11,11,A,A,1,2.527,250.813
1,47,49,49,12,12,12,12,A,A,1,2.527,250.813
1,47,49,49,13,13,13,13,C,C,1,2.527,250.813
1,47,49,49,14,14,14,14,G,G,1,2.527,250.813
1,47,49,49,15,15,15,15,T,T,1,2.527,250.813
1,47,49,49,16,16,16,16,T,T,1,2.527,250.813
1,47,49,49,17,17,17,17,A,A,1,2.527,250.813
1,47,49,49,18,18,18,18,C,C,1,2.527,250.813
1,47,49,49,19,19,19,19,G,G,1,2.527,250.813
1,47,49,49,20,20,20,20,A,A,1,2.527,250.813
1,47,49,49,21,21,21,21,T,T,1,2.527,250.813
1,47,49,49,22,22,22,22,C,C,1,2.527,250.813
1,47,49,49,23,23,23,23,G,G,1,2.527,250.813
1,47,49,49,24,24,24,24,T,T,1,2.527,250.813
1,47,49,49,25,25,25,25,A,A,1,2.527,250.813
1,47,49,49,26,26,26,26,G,G,1,2.527,250.813
1,47,49,49,27,27,27,27,C,C,1,2.527,250.813
1,47,49,49,28,28,28,28,T,T,1,2.527,250.813
1,47,49,49,29,29,29,29,A,A,1,2.527,250.813
1,47,49,49,30,30,30,30,G,G,1,2.527,250.813
1,47,49,49,31,31,31,31,C,C,1,2.527,250.813
1,47,49,49,32,32,32,32,T,T,1,2.527,250.813
1,47,49,49,33,33,33,33,A,A,1,2.527,250.813
1,47,49,49,34,34,34,34,A,A,1,2.527,250.813
1,47,49,49,35,35,35,35,C,C,1,2.527,250.813
1,47,49,49,36,36,36,36,G,G,1,2.527,250.813
1,47,49,49,37,37,37,37,T,T,1,2.527,250.813
1,47,49,49,38,38,38,38,T,T,1,2.527,250.813
1,47,49,49,39,39,39,39,A,A,1,2.527,250.813
1,47,49,49,40,40,40,40,G,G,1,2.527,250.813
1,47,49,49,41,41,41,41,C,C,1,2.527,250.813
1,47,49,49,42,42,42,42,T,T,1,2.527,250.813
1,47,49,49,43,43,43,43,A,A,1,2.527,250.813
1,47,49,49,44,44,44,44,G,G,1,2.527,250.813
1,47,49,49,45,45,45,45,C,C,1,2.527,250.813
1,47,49,49,46,46,46,46,T,T,1,2.527,250.813
1,47,49,49,47,47,47,47,A,A,1,2.527,250.813
1,47,49,49,48,48,48,48,A,T,0,2.527,250.813
1,48,49,49,0,0,0,0,G,G,1,2.582,244.813
1,48,49,49,1,1,1,1,C,C,1,2.582,244.813
1,48,49,49,2,2,2,2,T,T,1,2.582,244.813
1,48,49,49,3,3,3,3,A,A,1,2.582,244.813
1,48,49,49,4,4,4,4,G,G,1,2.582,244.813
1,48,49,49,5,5,5,5,C,C,1,2.582,244.813
1,48,49,49,6,6,6,6,G,G,1,2.582,244.813
1,48,49,49,7,7,7,7,T,T,1,2.582,244.813
1,48,49,49,8,8,8,8,A,A,1,2.582,244.813
1,48,49,49,9,9,9,9,C,C,1,2.582,244.813
1,48,49,49,10,10,10,10,G,G,1,2.582,244.813
1,48,49,49,11,11,11,11,T,T,1,2.582,244.813
1,48,49,49,12,12,12,12,A,A,1,2.582,244.813
1,48,49,49,13,13,13,13,G,G,1,2.582,244.813
1,48,49,49,14,14,14,14,C,C,1,2.582,244.813
1,48,49,49,15,15,15,15,T,T,1,2.582,244.813
1,48,49,49,16,16,16,16,A,A,1,2.582,244.813
1,48,49,49,17,17,17,17,G,G,1,2.582,244.813
1,48,49,49,18,18,18,18,C,C,1,2.582,244.813
1,48,49,49,19,19,19,19,T,T,1,2.582,244.813
1,48,49,49,20,20,20,20,A,A,1,2.582,244.813
1,48,49,49,21,21,21,21,A,A,1,2.582,244.813
1,48,49,49,22,22,22,22,C,C,1,2.582,244.813
1,48,49,49,23,23,23,23,G,G,1,2.582,244.813
1,48,49,49,24,24,24,24,T,T,1,2.582,244.813
1,48,49,49,25,25,25,25,T,T,1,2.582,244.813
1,48,49,49,26,26,26,26,A,A,1,2.582,244.813
1,48,49,49,27,27,27,27,G,G,1,2.582,244.813
1,48,49,49,28,28,28,28,C,C,1,2.582,244.813
1,48,49,49,29,29,29,29,T,T,1,2.582,244.813
1,48,49,49,30,30,30,30,A,A,1,2.582,244.813
1,48,49,49,31,31,31,31,G,G,1,2.582,244.813
1,48,49,49,32,32,32,32,C,C,1,2.582,244.813
1,48,49,49,33,33,33,33,T,T,1,2.582,244.813
1,48,49,49,34,34,34,34,A,A,1,2.582,244.813
1,48,49,49,35,35,35,35,A,A,1,2.582,244.813
1,48,49,49,36,36,36,36,C,C,1,2.582,244.813
1,48,49,49,37,37,37,37,G,G,1,2.582,244.813
1,48,49,49,38,38,38,38,T,T,1,2.582,244.813
1,48,49,49,39,39,39,39,T,T,1,2.582,244.813
1,48,49,49,40,40,40,40,A,A,1,2.582,244.813
1,48,49,49,41,41,41,41,G,G,1,2.582,244.813
1,48,49,49,42,42,42,42,C,C,1,2.582,244.813
1,48,49,49,43,43,43,43,T,T,1,2.582,244.813
1,48,49,49,44,44,44,44,A,A,1,2.582,244.813
1,48,49,49,45,45,45,45,G,G,1,2.582,244.813
1,48,49,49,46,46,46,46,C,C,1,2.582,244.813
1,48,49,49,47,47,47,47,T,T,1,2.582,244.813
1,48,49,49,48,48,48,48,A,T,0,2.582,244.813
1,49,49,49,0,0,0,0,T,T,1,2.585,246.188
1,49,49,49,1,1,1,1,A,A,1,2.585,246.188
1,49,49,49,2,2,2,2,C,C,1,2.585,246.188
1,49,49,49,3,3,3,3,G,G,1,2.585,246.188
1,49,49,49,4,4,4,4,T,T,1,2.585,246.188
1,49,49,49,5,5,5,5,T,T,1,2.585,246.188
1,49,49,49,6,6,6,6,A,A,1,2.585,246.188
1,49,49,49,7,7,7,7,G,G,1,2.585,246.188
1,49,49,49,8,8,8,8,C,C,1,2.585,246.188
1,49,49,49,9,9,9,9,T,T,1,2.585,246.188
1,49,49,49,10,10,10,10,A,A,1,2.585,246.188
1,49,49,49,11,11,11,11,G,G,1,2.585,246.188
1,49,49,49,12,12,12,12,C,C,1,2.585,246.188
1,49,49,49,13,13,13,13,T,T,1,2.585,246.188
1,49,49,49,14,14,14,14,A,A,1,2.585,246.188
1,49,49,49,15,15,15,15,G,G,1,2.585,246.188
1,49,49,49,16,16,16,16,C,C,1,2.585,246.188
1,49,49,49,17,17,17,17,G,G,1,2.585,246.188
1,49,49,49,18,18,18,18,T,T,1,2.585,246.188
1,49,49,49,19,19,19,19,T,T,1,2.585,246.188
1,49,49,49,20,20,20,20,A,A,1,2.585,246.188
1,49,49,49,21,21,21,21,A,A,1,2.585,246.188
1,49,49,49,22,22,22,22,T,T,1,2.585,246.188
1,49,49,49,23,23,23,23,C,C,1,2.585,246.188
1,49,49,49,24,24,24,24,G,G,1,2.585,246.188
1,49,49,49,25,25,25,25,T,T,1,2.585,246.188
1,49,49,49,26,26,26,26,A,A,1,2.585,246.188
1,49,49,49,27,27,27,27,G,G,1,2.585,246.188
1,49,49,49,28,28,28,28,C,C,1,2.585,246.188
1,49,49,49,29,29,29,29,T,T,1,2.585,246.188
1,49,49,49,30,30,30,30,A,A,1,2.585,246.188
1,49,49,49,31,31,31,31,A,A,1,2.585,246.188
1,49,49,49,32,32,32,32,C,C,1,2.585,246.188
1,49,49,49,33,33,33,33,G,G,1,2.585,246.188
1,49,49,49,34,34,34,34,T,T,1,2.585,246.188
1,49,49,49,35,35,35,35,T,T,1,2.585,246.188
1,49,49,49,36,36,36,36,A,A,1,2.585,246.188
1,49,49,49,37,37,37,37,G,G,1,2.585,246.188
1,49,49,49,38,38,38,38,C,C,1,2.585,246.188
1,49,49,49,39,39,39,39,T,T,1,2.585,246.188
1,49,49,49,40,40,40,40,A,A,1,2.585,246.188
1,49,49,49,41,41,41,41,G,G,1,2.585,246.188
1,49,49,49,42,42,42,42,C,C,1,2.585,246.188
1,49,49,49,43,43,43,43,T,T,1,2.585,246.188
1,49,49,49,44,44,44,44,A,A,1,2.585,246.188
1,49,49,49,45,45,45,45,A,A,1,2.585,246.188
1,49,49,49,46,46,46,46,C,C,1,2.585,246.188
1,49,49,49,47,47,47,47,G,G,1,2.585,246.188
1,49,49,49,48,48,48,48,T,C,0,2.585,246.188
1,50,50,50,0,0,0,0,G,G,1,2.553,254.891
1,50,50,50,1,1,1,1,G,G,1,2.553,254.891
1,50,50,50,2,2,2,2,C,C,1,2.553,254.891
1,50,50,50,3,3,3,3,T,T,1,2.553,254.891
1,50,50,50,4,4,4,4,T,T,1,2.553,254.891
1,50,50,50,5,5,5,5,A,A,1,2.553,254.891
1,50,50,50,6,6,6,6,C,C,1,2.553,254.891
1,50,50,50,7,7,7,7,G,G,1,2.553,254.891
1,50,50,50,8,8,8,8,A,A,1,2.553,254.891
1,50,50,50,9,9,9,9,T,T,1,2.553,254.891
1,50,50,50,10,10,10,10,C,C,1,2.553,254.891
1,50,50,50,11,11,11,11,G,G,1,2.553,254.891
1,50,50,50,12,12,12,12,T,T,1,2.553,254.891
1,50,50,50,13,13,13,13,A,A,1,2.553,254.891
1,50,50,50,14,14,14,14,G,G,1,2.553,254.891
1,50,50,50,15,15,15,15,C,C,1,2.553,254.891
1,50,50,50,16,16,16,16,T,T,1,2.553,254.891
1,50,50,50,17,17,17,17,A,A,1,2.553,254.891
1,50,50,50,18,18,18,18,G,G,1,2.553,254.891
1,50,50,50,19,19,19,19,C,C,1,2.553,254.891
1,50,50,50,20,20,20,20,A,A,1,2.553,254.891
1,50,50,50,21,21,21,21,G,G,1,2.553,254.891
1,50,50,50,22,22,22,22,T,T,1,2.553,254.891
1,50,50,50,23,23,23,23,T,T,1,2.553,254.891
1,50,50,50,24,24,24,24,A,A,1,2.553,254.891
1,50,50,50,25,25,25,25,G,G,1,2.553,254.891
1,50,50,50,26,26,26,26,C,C,1,2.553,254.891
1,50,50,50,27,27,27,27,T,T,1,2.553,254.891
1,50,50,50,28,28,28,28,A,A,1,2.553,254.891
1,50,50,50,29,29,29,29,A,A,1,2.553,254.891
1,50,50,50,30,30,30,30,C,C,1,2.553,254.891
1,50,50,50,31,31,31,31,G,G,1,2.553,254.891
1,50,50,50,32,32,32,32,T,T,1,2.553,254.891
1,50,50,50,33,33,33,33,T,T,1,2.553,254.891
1,50,50,50,34,34,34,34,A,A,1,2.553,254.891
1,50,50,50,35,35,35,35,G,G,1,2.553,254.891
1,50,50,50,36,36,36,36,C,C,1,2.553,254.891
1,50,50,50,37,37,37,37,T,T,1,2.553,254.891
1,50,50,50,38,38,38,38,A,A,1,2.553,254.891
1,50,50,50,39,39,39,39,G,G,1,2.553,254.891
1,50,50,50,40,40,40,40,C,C,1,2.553,254.891
1,50,50,50,41,41,41,41,T,T,1,2.553,254.891
1,50,50,50,42,42,42,42,A,A,1,2.553,254.891
1,50,50,50,43,43,43,43,A,A,1,2.553,254.891
1,50,50,50,44,44,44,44,C,C,1,2.553,254.891
1,50,50,50,45,45,45,45,G,G,1,2.553,254.891
1,50,50,50,46,46,46,46,T,T,1,2.553,254.891
1,50,50,50,47,47,47,47,T,T,1,2.553,254.891
1,50,50,50,48,48,48,48,A,A,1,2.553,254.891
1,50,50,50,49,49,49,49,G,T,0,2.553,254.891
2,1,10,10,0,1,0,1,AT,AT,2,2.286,15.211
2,1,10,10,2,3,2,3,GC,GC,2,2.286,15.211
2,1,10,10,4,5,4,5,TA,TA,2,2.286,15.211
2,1,10,10,6,7,6,7,CG,CG,2,2.286,15.211
2,1,10,10,8,9,8,9,TA,TT,1,2.286,15.211
2,2,13,13,0,1,0,1,GA,GA,2,2.296,20.422
2,2,13,13,2,3,2,3,TT,TT,2,2.296,20.422
2,2,13,13,4,5,4,5,AC,AC,2,2.296,20.422
2,2,13,13,6,7,6,7,AG,AG,2,2.296,20.422
2,2,13,13,8,9,8,9,GC,GC,2,2.296,20.422
2,2,13,13,10,11,10,11,TT,TT,2,2.296,20.422
2,3,15,15,0,1,0,1,TG,TG,2,2.462,25.008
2,3,15,15,2,3,2,3,CA,CA,2,2.462,25.008
2,3,15,15,4,5,4,5,TG,TG,2,2.462,25.008
2,3,15,15,6,7,6,7,AC,AC,2,2.462,25.008
2,3,15,15,8,9,8,9,TG,TG,2,2.462,25.008
2,3,15,15,10,11,10,11,AC,AC,2,2.462,25.008
2,3,15,15,12,13,12,13,TG,TG,2,2.462,25.008
2,4,17,17,0,1,0,1,AT,AT,2,2.434,33.961
2,4,17,17,2,3,2,3,CG,CG,2,2.434,33.961
2,4,17,17,4,5,4,5,TA,TA,2,2.434,33.961
2,4,17,17,6,7,6,7,GC,GC,2,2.434,33.961
2,4,17,17,8,9,8,9,TA,TA,2,2.434,33.961
2,4,17,17,10,11,10,11,GC,GC,2,2.434,33.961
2,4,17,17,12,13,12,13,TA,TA,2,2.434,33.961
2,4,17,17,14,15,14,15,GC,GC,2,2.434,33.961
2,5,20,20,0,1,0,1,GG,GG,2,2.206,43.828
2,5,20,20,2,3,2,3,AT,AT,2,2.206,43.828
2,5,20,20,4,5,4,5,CC,CC,2,2.206,43.828
2,5,20,20,6,7,6,7,GT,GT,2,2.206,43.828
2,5,20,20,8,9,8,9,AG,AG,2,2.206,43.828
2,5,20,20,10,11,10,11,CT,CT,2,2.206,43.828
2,5,20,20,12,13,12,13,AG,AG,2,2.206,43.828
2,5,20,20,14,15,14,15,CT,CT,2,2.206,43.828
2,5,20,20,16,17,16,17,TA,TA,2,2.206,43.828
2,5,20,20,18,19,18,19,CG,CC,1,2.206,43.828
2,6,22,23,0,1,0,1,AT,AT,2,2.092,58.992
2,6,22,23,2,3,2,3,GC,GC,2,2.092,58.992
2,6,22,23,4,5,4,5,GT,GT,2,2.092,58.992
2,6,22,23,6,7,6,7,TA,TA,2,2.092,58.992
2,6,22,23,8,9,8,9,AT,AT,2,2.092,58.992
2,6,22,23,10,11,10,11,GC,GC,2,2.092,58.992
2,6,22,23,12,13,12,13,GT,GT,2,2.092,58.992
2,6,22,23,14,15,14,15,TA,TA,2,2.092,58.992
2,6,22,23,16,17,16,17,AT,AT,2,2.092,58.992
2,6,22,23,18,19,18,19,GC,GC,2,2.092,58.992
2,6,22,23,20,21,20,21,GT,GT,2,2.092,58.992
2,7,22,23,0,1,0,1,GA,GA,2,2.249,58.992
2,7,22,23,2,3,2,3,TT,TT,2,2.249,58.992
2,7,22,23,4,5,4,5,AC,AC,2,2.249,58.992
2,7,22,23,6,7,6,7,AG,AG,2,2.249,58.992
2,7,22,23,8,9,8,9,GC,GC,2,2.249,58.992
2,7,22,23,10,11,10,11,TT,TT,2,2.249,58.992
2,7,22,23,12,13,12,13,AC,AC,2,2.249,58.992
2,7,22,23,14,15,14,15,GA,GA,2,2.249,58.992
2,7,22,23,16,17,16,17,AT,AT,2,2.249,58.992
2,7,22,23,18,19,18,19,CG,CG,2,2.249,58.992
2,7,22,23,20,21,20,21,TA,TT,1,2.249,58.992
2,8,22,22,0,1,0,1,CG,CG,2,2.537,54.742
2,8,22,22,2,3,2,3,TA,TA,2,2.537,54.742
2,8,22,22,4,5,4,5,CG,CG,2,2.537,54.742
2,8,22,22,6,7,6,7,TT,TT,2,2.537,54.742
2,8,22,22,8,9,8,9,AG,AG,2,2.537,54.742
2,8,22,22,10,11,10,11,CT,CT,2,2.537,54.742
2,8,22,22,12,13,12,13,AG,AG,2,2.537,54.742
2,8,22,22,14,15,14,15,CT,CT,2,2.537,54.742
2,8,22,22,16,17,16,17,AA,AA,2,2.537,54.742
2,8,22,22,18,19,18,19,CG,CG,2,2.537,54.742
2,8,22,22,20,21,20,21,TA,TG,1,2.537,54.742
2,9,23,23,0,1,0,1,TG,TG,2,2.430,58.938
2,9,23,23,2,3,2,3,CA,CA,2,2.430,58.938
2,9,23,23,4,5,4,5,TG,TG,2,2.430,58.938
2,9,23,23,6,7,6,7,AC,AC,2,2.430,58.938
2,9,23,23,8,9,8,9,TG,TG,2,2.430,58.938
2,9,23,23,10,11,10,11,AC,AC,2,2.430,58.938
2,9,23,23,12,13,12,13,TG,TG,2,2.430,58.938
2,9,23,23,14,15,14,15,AC,AC,2,2.430,58.938
2,9,23,23,16,17,16,17,AG,AG,2,2.430,58.938
2,9,23,23,18,19,18,19,AC,AC,2,2.430,58.938
2,9,23,23,20,21,20,21,TG,TG,2,2.430,58.938
2,10,24,24,0,1,0,1,AT,AT,2,2.233,65.156
2,10,24,24,2,3,2,3,GC,GC,2,2.233,65.156
2,10,24,24,4,5,4,5,GT,GT,2,2.233,65.156
2,10,24,24,6,7,6,7,AC,AC,2,2.233,65.156
2,10,24,24,8,9,8,9,GT,GT,2,2.233,65.156
2,10,24,24,10,11,10,11,TA,TA,2,2.233,65.156
2,10,24,24,12,13,12,13,GC,GC,2,2.233,65.156
2,10,24,24,14,15,14,15,GT,GT,2,2.233,65.156
2,10,24,24,16,17,16,17,AC,AC,2,2.233,65.156
2,10,24,24,18,19,18,19,GT,GT,2,2.233,65.156
2,10,24,24,20,21,20,21,TA,TA,2,2.233,65.156
2,10,24,24,22,23,22,23,GC,GT,1,2.233,65.156
2,11,25,25,0,1,0,1,CG,CG,2,2.134,72.719
2,11,25,25,2,3,2,3,TA,TA,2,2.134,72.719
2,11,25,25,4,5,4,5,GC,GC,2,2.134,72.719
2,11,25,25,6,7,6,7,TA,TA,2,2.134,72.719
2,11,25,25,8,9,8,9,GC,GC,2,2.134,72.719
2,11,25,25,10,11,10,11,TA,TA,2,2.134,72.719
2,11,25,25,12,13,12,13,AC,AC,2,2.134,72.719
2,11,25,25,14,15,14,15,GT,GT,2,2.134,72.719
2,11,25,25,16,17,16,17,TA,TA,2,2.134,72.719
2,11,25,25,18,19,18,19,CG,CG,2,2.134,72.719
2,11,25,25,20,21,20,21,AT,AT,2,2.134,72.719
2,11,25,25,22,23,22,23,GC,GC,2,2.134,72.719
2,12,25,25,0,1,0,1,GC,GC,2,2.456,72.719
2,12,25,25,2,3,2,3,TA,TA,2,2.456,72.719
2,12,25,25,4,5,4,5,GC,GC,2,2.456,72.719
2,12,25,25,6,7,6,7,GT,GT,2,2.456,72.719
2,12,25,25,8,9,8,9,AC,AC,2,2.456,72.719
2,12,25,25,10,11,10,11,GT,GT,2,2.456,72.719
2,12,25,25,12,13,12,13,AG,AG,2,2.456,72.719
2,12,25,25,14,15,14,15,CT,CT,2,2.456,72.719
2,12,25,25,16,17,16,17,AG,AG,2,2.456,72.719
2,12,25,25,18,19,18,19,CT,CT,2,2.456,72.719
2,12,25,25,20,21,20,21,AA,AA,2,2.456,72.719
2,12,25,25,22,23,22,23,CG,CG,2,2.456,72.719
2,13,26,26,0,1,0,1,TA,TA,2,2.229,78.914
2,13,26,26,2,3,2,3,CG,CG,2,2.229,78.914
2,13,26,26,4,5,4,5,TT,TT,2,2.229,78.914
2,13,26,26,6,7,6,7,AG,AG,2,2.229,78.914
2,13,26,26,8,9,8,9,CT,CT,2,2.229,78.914
2,13,26,26,10,11,10,11,AG,AG,2,2.229,78.914
2,13,26,26,12,13,12,13,CT,CT,2,2.229,78.914
2,13,26,26,14,15,14,15,AG,AG,2,2.229,78.914
2,13,26,26,16,17,16,17,CG,CG,2,2.229,78.914
2,13,26,26,18,19,18,19,TT,TT,2,2.229,78.914
2,13,26,26,20,21,20,21,AA,AA,2,2.229,78.914
2,13,26,26,22,23,22,23,TC,TC,2,2.229,78.914
2,13,26,26,24,25,24,25,GT,GC,1,2.229,78.914
2,14,26,26,0,1,0,1,GG,GG,2,2.401,78.914
2,14,26,26,2,3,2,3,CT,CT,2,2.401,78.914
2,14,26,26,4,5,4,5,TA,TA,2,2.401,78.914
2,14,26,26,6,7,6,7,CG,CG,2,2.401,78.914
2,14,26,26,8,9,8,9,AT,AT,2,2.401,78.914
2,14,26,26,10,11,10,11,CG,CG,2,2.401,78.914
2,14,26,26,12,13,12,13,TA,TA,2,2.401,78.914
2,14,26,26,14,15,14,15,GC,GC,2,2.401,78.914
2,14,26,26,16,17,16,17,TA,TA,2,2.401,78.914
2,14,26,26,18,19,18,19,GC,GC,2,2.401,78.914
2,14,26,26,20,21,20,21,AG,AG,2,2.401,78.914
2,14,26,26,22,23,22,23,TT,TT,2,2.401,78.914
2,14,26,26,24,25,24,25,AG,AC,1,2.401,78.914
2,15,27,27,0,1,0,1,AT,AT,2,2.379,84.070
2,15,27,27,2,3,2,3,CG,CG,2,2.379,84.070
2,15,27,27,4,5,4,5,TA,TA,2,2.379,84.070
2,15,27,27,6,7,6,7,CG,CG,2,2.379,84.070
2,15,27,27,8,9,8,9,TT,TT,2,2.379,84.070
2,15,27,27,10,11,10,11,AG,AG,2,2.379,84.070
2,15,27,27,12,13,12,13,CT,CT,2,2.379,84.070
2,15,27,27,14,15,14,15,AG,AG,2,2.379,84.070
2,15,27,27,16,17,16,17,CT,CT,2,2.379,84.070
2,15,27,27,18,19,18,19,AA,AA,2,2.379,84.070
2,15,27,27,20,21,20,21,CG,CG,2,2.379,84.070
2,15,27,27,22,23,22,23,TT,TT,2,2.379,84.070
2,15,27,27,24,25,24,25,AG,AG,2,2.379,84.070
2,16,28,28,0,1,0,1,GA,GA,2,2.254,89.227
2,16,28,28,2,3,2,3,TC,TC,2,2.254,89.227
2,16,28,28,4,5,4,5,GT,GT,2,2.254,89.227
2,16,28,28,6,7,6,7,AG,AG,2,2.254,89.227
2,16,28,28,8,9,8,9,CT,CT,2,2.254,89.227
2,16,28,28,10,11,10,11,AG,AG,2,2.254,89.227
2,16,28,28,12,13,12,13,CT,CT,2,2.254,89.227
2,16,28,28,14,15,14,15,AG,AG,2,2.254,89.227
2,16,28,28,16,17,16,17,CT,CT,2,2.254,89.227
2,16,28,28,18,19,18,19,AA,AA,2,2.254,89.227
2,16,28,28,20,21,20,21,CG,CG,2,2.254,89.227
2,16,28,28,22,23,22,23,TT,TT,2,2.254,89.227
2,16,28,28,24,25,24,25,AC,AC,2,2.254,89.227
2,16,28,28,26,27,26,27,GA,GT,1,2.254,89.227
2,17,28,28,0,1,0,1,TG,TG,2,2.166,89.227
2,17,28,28,2,3,2,3,CA,CA,2,2.166,89.227
2,17,28,28,4,5,4,5,TG,TG,2,2.166,89.227
2,17,28,28,6,7,6,7,AC,AC,2,2.166,89.227
2,17,28,28,8,9,8,9,TG,TG,2,2.166,89.227
2,17,28,28,10,11,10,11,AC,AC,2,2.166,89.227
2,17,28,28,12,13,12,13,TG,TG,2,2.166,89.227
2,17,28,28,14,15,14,15,AC,AC,2,2.166,89.227
2,17,28,28,16,17,16,17,TG,TG,2,2.166,89.227
2,17,28,28,18,19,18,19,AC,AC,2,2.166,89.227
2,17,28,28,20,21,20,21,GT,GT,2,2.166,89.227
2,17,28,28,22,23,22,23,AG,AG,2,2.166,89.227
2,17,28,28,24,25,24,25,CT,CT,2,2.166,89.227
2,17,28,28,26,27,26,27,AG,AA,1,2.166,89.227
2,18,29,29,0,1,0,1,CG,CG,2,2.186,93.406
2,18,29,29,2,3,2,3,TA,TA,2,2.186,93.406
2,18,29,29,4,5,4,5,CG,CG,2,2.186,93.406
2,18,29,29,6,7,6,7,TA,TA,2,2.186,93.406
2,18,29,29,8,9,8,9,GC,GC,2,2.186,93.406
2,18,29,29,10,11,10,11,TA,TA,2,2.186,93.406
2,18,29,29,12,13,12,13,GC,GC,2,2.186,93.406
2,18,29,29,14,15,14,15,TA,TA,2,2.186,93.406
2,18,29,29,16,17,16,17,GC,GC,2,2.186,93.406
2,18,29,29,18,19,18,19,TA,TA,2,2.186,93.406
2,18,29,29,20,21,20,21,AC,AC,2,2.186,93.406
2,18,29,29,22,23,22,23,TG,TG,2,2.186,93.406
2,18,29,29,24,25,24,25,AC,AC,2,2.186,93.406
2,18,29,29,26,27,26,27,TG,TG,2,2.186,93.406
2,19,30,30,0,1,0,1,GC,GC,2,2.403,105.992
2,19,30,30,2,3,2,3,TT,TT,2,2.403,105.992
2,19,30,30,4,5,4,5,AG,AG,2,2.403,105.992
2,19,30,30,6,7,6,7,CG,CG,2,2.403,105.992
2,19,30,30,8,9,8,9,TA,TA,2,2.403,105.992
2,19,30,30,10,11,10,11,CG,CG,2,2.403,105.992
2,19,30,30,12,13,12,13,TT,TT,2,2.403,105.992
2,19,30,30,14,15,14,15,AG,AG,2,2.403,105.992
2,19,30,30,16,17,16,17,CT,CT,2,2.403,105.992
2,19,30,30,18,19,18,19,AG,AG,2,2.403,105.992
2,19,30,30,20,21,20,21,CG,CG,2,2.403,105.992
2,19,30,30,22,23,22,23,TA,TA,2,2.403,105.992
2,19,30,30,24,25,24,25,GC,GC,2,2.403,105.992
2,19,30,30,26,27,26,27,TA,TA,2,2.403,105.992
2,19,30,30,28,29,28,29,GC,GT,1,2.403,105.992
2,20,31,31,0,1,0,1,TA,TA,2,2.405,109.602
2,20,31,31,2,3,2,3,CG,CG,2,2.405,109.602
2,20,31,31,4,5,4,5,TT,TT,2,2.405,109.602
2,20,31,31,6,7,6,7,AG,AG,2,2.405,109.602
2,20,31,31,8,9,8,9,CT,CT,2,2.405,109.602
2,20,31,31,10,11,10,11,AG,AG,2,2.405,109.602
2,20,31,31,12,13,12,13,CG,CG,2,2.405,109.602
2,20,31,31,14,15,14,15,TA,TA,2,2.405,109.602
2,20,31,31,16,17,16,17,CG,CG,2,2.405,109.602
2,20,31,31,18,19,18,19,TT,TT,2,2.405,109.602
2,20,31,31,20,21,20,21,AG,AG,2,2.405,109.602
2,20,31,31,22,23,22,23,CT,CT,2,2.405,109.602
2,20,31,31,24,25,24,25,AG,AG,2,2.405,109.602
2,20,31,31,26,27,26,27,CT,CT,2,2.405,109.602
2,20,31,31,28,29,28,29,AA,AA,2,2.405,109.602
2,21,32,32,0,1,0,1,AT,AT,2,2.213,116.367
2,21,32,32,2,3,2,3,CG,CG,2,2.213,116.367
2,21,32,32,4,5,4,5,TA,TA,2,2.213,116.367
2,21,32,32,6,7,6,7,GC,GC,2,2.213,116.367
2,21,32,32,8,9,8,9,TA,TA,2,2.213,116.367
2,21,32,32,10,11,10,11,AC,AC,2,2.213,116.367
2,21,32,32,12,13,12,13,GT,GT,2,2.213,116.367
2,21,32,32,14,15,14,15,TA,TA,2,2.213,116.367
2,21,32,32,16,17,16,17,GC,GC,2,2.213,116.367
2,21,32,32,18,19,18,19,TA,TA,2,2.213,116.367
2,21,32,32,20,21,20,21,GC,GC,2,2.213,116.367
2,21,32,32,22,23,22,23,TA,TA,2,2.213,116.367
2,21,32,32,24,25,24,25,AC,AC,2,2.213,116.367
2,21,32,32,26,27,26,27,GT,GT,2,2.213,116.367
2,21,32,32,28,29,28,29,TA,TA,2,2.213,116.367
2,21,32,32,30,31,30,31,GC,GT,1,2.213,116.367
2,22,32,32,0,1,0,1,GG,GG,2,2.195,117.141
2,22,32,32,2,3,2,3,AT,AT,2,2.195,117.141
2,22,32,32,4,5,4,5,CC,CC,2,2.195,117.141
2,22,32,32,6,7,6,7,GT,GT,2,2.195,117.141
2,22,32,32,8,9,8,9,AG,AG,2,2.195,117.141
2,22,32,32,10,11,10,11,CT,CT,2,2.195,117.141
2,22,32,32,12,13,12,13,TA,TA,2,2.195,117.141
2,22,32,32,14,15,14,15,CG,CG,2,2.195,117.141
2,22,32,32,16,17,16,17,TT,TT,2,2.195,117.141
2,22,32,32,18,19,18,19,AC,AC,2,2.195,117.141
2,22,32,32,20,21,20,21,GA,GA,2,2.195,117.141
2,22,32,32,22,23,22,23,TC,TC,2,2.195,117.141
2,22,32,32,24,25,24,25,GT,GT,2,2.195,117.141
2,22,32,32,26,27,26,27,AG,AG,2,2.195,117.141
2,22,32,32,28,29,28,29,CT,CT,2,2.195,117.141
2,22,32,32,30,31,30,31,AG,AA,1,2.195,117.141
2,23,32,32,0,1,0,1,TG,TG,2,2.049,116.141
2,23,32,32,2,3,2,3,CA,CA,2,2.049,116.141
2,23,32,32,4,5,4,5,TG,TG,2,2.049,116.141
2,23,32,32,6,7,6,7,AC,AC,2,2.049,116.141
2,23,32,32,8,9,8,9,TG,TG,2,2.049,116.141
2,23,32,32,10,11,10,11,AC,AC,2,2.049,116.141
2,23,32,32,12,13,12,13,TG,TG,2,2.049,116.141
2,23,32,32,14,15,14,15,AC,AC,2,2.049,116.141
2,23,32,32,16,17,16,17,TG,TG,2,2.049,116.141
2,23,32,32,18,19,18,19,AC,AC,2,2.049,116.141
2,23,32,32,20,21,20,21,TG,TG,2,2.049,116.141
2,23,32,32,22,23,22,23,AC,AC,2,2.049,116.141
2,23,32,32,24,25,24,25,TG,TG,2,2.049,116.141
2,23,32,32,26,27,26,27,AC,AC,2,2.049,116.141
2,23,32,32,28,29,28,29,TG,TG,2,2.049,116.141
2,23,32,32,30,31,30,31,AC,AT,1,2.049,116.141
2,24,32,32,0,1,0,1,AT,AT,2,2.503,113.500
2,24,32,32,2,3,2,3,GC,GC,2,2.503,113.500
2,24,32,32,4,5,4,5,GT,GT,2,2.503,113.500
2,24,32,32,6,7,6,7,TA,TA,2,2.503,113.500
2,24,32,32,8,9,8,9,AT,AT,2,2.503,113.500
2,24,32,32,10,11,10,11,GC,GC,2,2.503,113.500
2,24,32,32,12,13,12,13,GT,GT,2,2.503,113.500
2,24,32,32,14,15,14,15,TA,TA,2,2.503,113.500
2,24,32,32,16,17,16,17,AT,AT,2,2.503,113.500
2,24,32,32,18,19,18,19,GC,GC,2,2.503,113.500
2,24,32,32,20,21,20,21,GT,GT,2,2.503,113.500
2,24,32,32,22,23,22,23,TA,TA,2,2.503,113.500
2,24,32,32,24,25,24,25,AT,AT,2,2.503,113.500
2,24,32,32,26,27,26,27,GC,GC,2,2.503,113.500
2,24,32,32,28,29,28,29,GT,GT,2,2.503,113.500
2,24,32,32,30,31,30,31,TA,TG,1,2.503,113.500
2,25,33,33,0,1,0,1,GA,GA,2,2.515,121.828
2,25,33,33,2,3,2,3,TT,TT,2,2.515,121.828
2,25,33,33,4,5,4,5,AC,AC,2,2.515,121.828
2,25,33,33,6,7,6,7,AG,AG,2,2.515,121.828
2,25,33,33,8,9,8,9,GC,GC,2,2.515,121.828
2,25,33,33,10,11,10,11,TT,TT,2,2.515,121.828
2,25,33,33,12,13,12,13,AC,AC,2,2.515,121.828
2,25,33,33,14,15,14,15,GA,GA,2,2.515,121.828
2,25,33,33,16,17,16,17,AT,AT,2,2.515,121.828
2,25,33,33,18,19,18,19,CG,CG,2,2.515,121.828
2,25,33,33,20,21,20,21,TA,TA,2,2.515,121.828
2,25,33,33,22,23,22,23,CG,CG,2,2.515,121.828
2,25,33,33,24,25,24,25,TT,TT,2,2.515,121.828
2,25,33,33,26,27,26,27,AG,AG,2,2.515,121.828
2,25,33,33,28,29,28,29,CT,CT,2,2.515,121.828
2,25,33,33,30,31,30,31,AG,AG,2,2.515,121.828
2,26,33,34,0,1,0,1,CG,CG,2,2.329,124.813
2,26,33,34,2,3,2,3,TA,TA,2,2.329,124.813
2,26,33,34,4,5,4,5,CG,CG,2,2.329,124.813
2,26,33,34,6,7,6,7,TT,TT,2,2.329,124.813
2,26,33,34,8,9,8,9,AG,AG,2,2.329,124.813
2,26,33,34,10,11,10,11,CT,CT,2,2.329,124.813
2,26,33,34,12,13,12,13,AG,AG,2,2.329,124.813
2,26,33,34,14,15,14,15,CT,CT,2,2.329,124.813
2,26,33,34,16,17,16,17,AA,AA,2,2.329,124.813
2,26,33,34,18,19,18,19,CG,CG,2,2.329,124.813
2,26,33,34,20,21,20,21,TA,TA,2,2.329,124.813
2,26,33,34,22,23,22,23,GC,GC,2,2.329,124.813
2,26,33,34,24,25,24,25,TA,TA,2,2.329,124.813
2,26,33,34,26,27,26,27,GC,GC,2,2.329,124.813
2,26,33,34,28,29,28,29,TA,TA,2,2.329,124.813
2,26,33,34,30,31,30,31,AC,AC,2,2.329,124.813
2,27,34,35,0,1,0,1,TG,TG,2,2.169,128.641
2,27,34,35,2,3,2,3,CA,CA,2,2.169,128.641
2,27,34,35,4,5,4,5,TG,TG,2,2.169,128.641
2,27,34,35,6,7,6,7,AC,AC,2,2.169,128.641
2,27,34,35,8,9,8,9,TG,TG,2,2.169,128.641
2,27,34,35,10,11,10,11,AC,AC,2,2.169,128.641
2,27,34,35,12,13,12,13,TG,TG,2,2.169,128.641
2,27,34,35,14,15,14,15,AC,AC,2,2.169,128.641
2,27,34,35,16,17,16,17,AG,AG,2,2.169,128.641
2,27,34,35,18,19,18,19,AC,AC,2,2.169,128.641
2,27,34,35,20,21,20,21,TG,TG,2,2.169,128.641
2,27,34,35,22,23,22,23,AC,AC,2,2.169,128.641
2,27,34,35,24,25,24,25,TG,TG,2,2.169,128.641
2,27,34,35,26,27,26,27,AC,AC,2,2.169,128.641
2,27,34,35,28,29,28,29,TG,TG,2,2.169,128.641
2,27,34,35,30,31,30,31,AC,AC,2,2.169,128.641
2,27,34,35,32,33,32,33,TG,TG,2,2.169,128.641
2,28,34,35,0,1,0,1,AT,AT,2,2.392,127.938
2,28,34,35,2,3,2,3,GC,GC,2,2.392,127.938
2,28,34,35,4,5,4,5,GT,GT,2,2.392,127.938
2,28,34,35,6,7,6,7,AC,AC,2,2.392,127.938
2,28,34,35,8,9,8,9,GT,GT,2,2.392,127.938
2,28,34,35,10,11,10,11,TA,TA,2,2.392,127.938
2,28,34,35,12,13,12,13,GC,GC,2,2.392,127.938
2,28,34,35,14,15,14,15,GT,GT,2,2.392,127.938
2,28,34,35,16,17,16,17,AC,AC,2,2.392,127.938
2,28,34,35,18,19,18,19,GT,GT,2,2.392,127.938
2,28,34,35,20,21,20,21,TA,TA,2,2.392,127.938
2,28,34,35,22,23,22,23,GC,GC,2,2.392,127.938
2,28,34,35,24,25,24,25,GT,GT,2,2.392,127.938
2,28,34,35,26,27,26,27,AC,AC,2,2.392,127.938
2,28,34,35,28,29,28,29,GT,GT,2,2.392,127.938
2,28,34,35,30,31,30,31,TA,TA,2,2.392,127.938
2,28,34,35,32,33,32,33,GC,GC,2,2.392,127.938
2,29,35,35,0,1,0,1,CG,CG,2,2.543,131.102
2,29,35,35,2,3,2,3,TA,TA,2,2.543,131.102
2,29,35,35,4,5,4,5,GC,GC,2,2.543,131.102
2,29,35,35,6,7,6,7,TA,TA,2,2.543,131.102
2,29,35,35,8,9,8,9,GC,GC,2,2.543,131.102
2,29,35,35,10,11,10,11,TA,TA,2,2.543,131.102
2,29,35,35,12,13,12,13,AC,AC,2,2.543,131.102
2,29,35,35,14,15,14,15,GT,GT,2,2.543,131.102
2,29,35,35,16,17,16,17,TA,TA,2,2.543,131.102
2,29,35,35,18,19,18,19,CG,CG,2,2.543,131.102
2,29,35,35,20,21,20,21,AT,AT,2,2.543,131.102
2,29,35,35,22,23,22,23,CG,CG,2,2.543,131.102
2,29,35,35,24,25,24,25,TA,TA,2,2.543,131.102
2,29,35,35,26,27,26,27,GC,GC,2,2.543,131.102
2,29,35,35,28,29,28,29,TA,TA,2,2.543,131.102
2,29,35,35,30,31,30,31,GC,GC,2,2.543,131.102
2,29,35,35,32,33,32,33,TA,TA,2,2.543,131.102
2,30,35,35,0,1,0,1,GC,GC,2,2.808,130.641
2,30,35,35,2,3,2,3,TA,TA,2,2.808,130.641
2,30,35,35,4,5,4,5,GC,GC,2,2.808,130.641
2,30,35,35,6,7,6,7,GT,GT,2,2.808,130.641
2,30,35,35,8,9,8,9,AC,AC,2,2.808,130.641
2,30,35,35,10,11,10,11,GT,GT,2,2.808,130.641
2,30,35,35,12,13,12,13,AG,AG,2,2.808,130.641
2,30,35,35,14,15,14,15,CT,CT,2,2.808,130.641
2,30,35,35,16,17,16,17,AG,AG,2,2.808,130.641
2,30,35,35,18,19,18,19,CT,CT,2,2.808,130.641
2,30,35,35,20,21,20,21,AA,AA,2,2.808,130.641
2,30,35,35,22,23,22,23,CG,CG,2,2.808,130.641
2,30,35,35,24,25,24,25,TT,TT,2,2.808,130.641
2,30,35,35,26,27,26,27,AG,AG,2,2.808,130.641
2,30,35,35,28,29,28,29,CT,CT,2,2.808,130.641
2,30,35,35,30,31,30,31,AG,AG,2,2.808,130.641
2,30,35,35,32,33,32,33,CT,CT,2,2.808,130.641
2,31,36,36,0,1,0,1,TA,TA,2,2.290,138.898
2,31,36,36,2,3,2,3,CG,CG,2,2.290,138.898
2,31,36,36,4,5,4,5,TT,TT,2,2.290,138.898
2,31,36,36,6,7,6,7,AG,AG,2,2.290,138.898
2,31,36,36,8,9,8,9,CT,CT,2,2.290,138.898
2,31,36,36,10,11,10,11,AG,AG,2,2.290,138.898
2,31,36,36,12,13,12,13,CT,CT,2,2.290,138.898
2,31,36,36,14,15,14,15,AG,AG,2,2.290,138.898
2,31,36,36,16,17,16,17,CG,CG,2,2.290,138.898
2,31,36,36,18,19,18,19,TT,TT,2,2.290,138.898
2,31,36,36,20,21,20,21,AA,AA,2,2.290,138.898
2,31,36,36,22,23,22,23,TC,TC,2,2.290,138.898
2,31,36,36,24,25,24,25,GT,GT,2,2.290,138.898
2,31,36,36,26,27,26,27,AG,AG,2,2.290,138.898
2,31,36,36,28,29,28,29,CT,CT,2,2.290,138.898
2,31,36,36,30,31,30,31,AA,AA,2,2.290,138.898
2,31,36,36,32,33,32,33,CG,CG,2,2.290,138.898
2,31,36,36,34,35,34,35,TT,TA,1,2.290,138.898
2,32,36,36,0,1,0,1,GG,GG,2,2.521,135.508
2,32,36,36,2,3,2,3,CT,CT,2,2.521,135.508
2,32,36,36,4,5,4,5,TA,TA,2,2.521,135.508
2,32,36,36,6,7,6,7,CG,CG,2,2.521,135.508
2,32,36,36,8,9,8,9,AT,AT,2,2.521,135.508
2,32,36,36,10,11,10,11,CG,CG,2,2.521,135.508
2,32,36,36,12,13,12,13,TA,TA,2,2.521,135.508
2,32,36,36,14,15,14,15,GC,GC,2,2.521,135.508
2,32,36,36,16,17,16,17,TA,TA,2,2.521,135.508
2,32,36,36,18,19,18,19,GC,GC,2,2.521,135.508
2,32,36,36,20,21,20,21,AG,AG,2,2.521,135.508
2,32,36,36,22,23,22,23,TT,TT,2,2.521,135.508
2,32,36,36,24,25,24,25,AG,AG,2,2.521,135.508
2,32,36,36,26,27,26,27,CT,CT,2,2.521,135.508
2,32,36,36,28,29,28,29,AA,AA,2,2.521,135.508
2,32,36,36,30,31,30,31,CG,CG,2,2.521,135.508
2,32,36,36,32,33,32,33,TT,TT,2,2.521,135.508
2,32,36,36,34,35,34,35,AG,AT,1,2.521,135.508
2,33,37,37,0,1,0,1,AT,AT,2,2.544,149.477
2,33,37,37,2,3,2,3,CG,CG,2,2.544,149.477
2,33,37,37,4,5,4,5,TA,TA,2,2.544,149.477
2,33,37,37,6,7,6,7,CG,CG,2,2.544,149.477
2,33,37,37,8,9,8,9,TT,TT,2,2.544,149.477
2,33,37,37,10,11,10,11,AG,AG,2,2.544,149.477
2,33,37,37,12,13,12,13,CT,CT,2,2.544,149.477
2,33,37,37,14,15,14,15,AG,AG,2,2.544,149.477
2,33,37,37,16,17,16,17,CT,CT,2,2.544,149.477
2,33,37,37,18,19,18,19,AA,AA,2,2.544,149.477
2,33,37,37,20,21,20,21,CG,CG,2,2.544,149.477
2,33,37,37,22,23,22,23,TT,TT,2,2.544,149.477
2,33,37,37,24,25,24,25,AG,AG,2,2.544,149.477
2,33,37,37,26,27,26,27,CG,CG,2,2.544,149.477
2,33,37,37,28,29,28,29,TA,TA,2,2.544,149.477
2,33,37,37,30,31,30,31,GC,GC,2,2.544,149.477
2,33,37,37,32,33,32,33,TA,TA,2,2.544,149.477
2,33,37,37,34,35,34,35,AC,AC,2,2.544,149.477
2,34,38,38,0,1,0,1,GA,GA,2,2.385,160.836
2,34,38,38,2,3,2,3,TC,TC,2,2.385,160.836
2,34,38,38,4,5,4,5,GT,GT,2,2.385,160.836
2,34,38,38,6,7,6,7,AG,AG,2,2.385,160.836
2,34,38,38,8,9,8,9,CT,CT,2,2.385,160.836
2,34,38,38,10,11,10,11,AG,AG,2,2.385,160.836
2,34,38,38,12,13,12,13,CT,CT,2,2.385,160.836
2,34,38,38,14,15,14,15,AG,AG,2,2.385,160.836
2,34,38,38,16,17,16,17,CT,CT,2,2.385,160.836
2,34,38,38,18,19,18,19,AA,AA,2,2.385,160.836
2,34,38,38,20,21,20,21,CG,CG,2,2.385,160.836
2,34,38,38,22,23,22,23,TT,TT,2,2.385,160.836
2,34,38,38,24,25,24,25,AC,AC,2,2.385,160.836
2,34,38,38,26,27,26,27,GT,GT,2,2.385,160.836
2,34,38,38,28,29,28,29,TA,TA,2,2.385,160.836
2,34,38,38,30,31,30,31,GC,GC,2,2.385,160.836
2,34,38,38,32,33,32,33,TA,TA,2,2.385,160.836
2,34,38,38,34,35,34,35,GC,GC,2,2.385,160.836
2,34,38,38,36,37,36,37,TA,TT,1,2.385,160.836
2,35,39,39,0,1,0,1,TG,TG,2,2.525,164.156
2,35,39,39,2,3,2,3,CA,CA,2,2.525,164.156
2,35,39,39,4,5,4,5,TG,TG,2,2.525,164.156
2,35,39,39,6,7,6,7,AC,AC,2,2.525,164.156
2,35,39,39,8,9,8,9,TG,TG,2,2.525,164.156
2,35,39,39,10,11,10,11,AC,AC,2,2.525,164.156
2,35,39,39,12,13,12,13,TG,TG,2,2.525,164.156
2,35,39,39,14,15,14,15,AC,AC,2,2.525,164.156
2,35,39,39,16,17,16,17,TG,TG,2,2.525,164.156
2,35,39,39,18,19,18,19,AC,AC,2,2.525,164.156
2,35,39,39,20,21,20,21,GT,GT,2,2.525,164.156
2,35,39,39,22,23,22,23,AG,AG,2,2.525,164.156
2,35,39,39,24,25,24,25,CT,CT,2,2.525,164.156
2,35,39,39,26,27,26,27,AG,AG,2,2.525,164.156
2,35,39,39,28,29,28,29,CT,CT,2,2.525,164.156
2,35,39,39,30,31,30,31,AA,AA,2,2.525,164.156
2,35,39,39,32,33,32,33,CG,CG,2,2.525,164.156
2,35,39,39,34,35,34,35,TT,TT,2,2.525,164.156
2,35,39,39,36,37,36,37,AG,AG,2,2.525,164.156
2,36,40,40,0,1,0,1,CG,CG,2,2.487,168.727
2,36,40,40,2,3,2,3,TA,TA,2,2.487,168.727
2,36,40,40,4,5,4,5,CG,CG,2,2.487,168.727
2,36,40,40,6,7,6,7,TA,TA,2,2.487,168.727
2,36,40,40,8,9,8,9,GC,GC,2,2.487,168.727
2,36,40,40,10,11,10,11,TA,TA,2,2.487,168.727
2,36,40,40,12,13,12,13,GC,GC,2,2.487,168.727
2,36,40,40,14,15,14,15,TA,TA,2,2.487,168.727
2,36,40,40,16,17,16,17,GC,GC,2,2.487,168.727
2,36,40,40,18,19,18,19,TA,TA,2,2.487,168.727
2,36,40,40,20,21,20,21,AC,AC,2,2.487,168.727
2,36,40,40,22,23,22,23,TG,TG,2,2.487,168.727
2,36,40,40,24,25,24,25,AC,AC,2,2.487,168.727
2,36,40,40,26,27,26,27,TG,TG,2,2.487,168.727
2,36,40,40,28,29,28,29,AC,AC,2,2.487,168.727
2,36,40,40,30,31,30,31,TG,TG,2,2.487,168.727
2,36,40,40,32,33,32,33,AC,AC,2,2.487,168.727
2,36,40,40,34,35,34,35,TG,TG,2,2.487,168.727
2,36,40,40,36,37,36,37,AC,AC,2,2.487,168.727
2,36,40,40,38,39,38,39,TG,TA,1,2.487,168.727
2,37,41,41,0,1,0,1,GC,GC,2,2.305,179.305
2,37,41,41,2,3,2,3,TT,TT,2,2.305,179.305
2,37,41,41,4,5,4,5,AG,AG,2,2.305,179.305
2,37,41,41,6,7,6,7,CG,CG,2,2.305,179.305
2,37,41,41,8,9,8,9,TA,TA,2,2.305,179.305
2,37,41,41,10,11,10,11,CG,CG,2,2.305,179.305
2,37,41,41,12,13,12,13,TT,TT,2,2.305,179.305
2,37,41,41,14,15,14,15,AG,AG,2,2.305,179.305
2,37,41,41,16,17,16,17,CT,CT,2,2.305,179.305
2,37,41,41,18,19,18,19,AG,AG,2,2.305,179.305
2,37,41,41,20,21,20,21,CG,CG,2,2.305,179.305
2,37,41,41,22,23,22,23,TA,TA,2,2.305,179.305
2,37,41,41,24,25,24,25,GC,GC,2,2.305,179.305
2,37,41,41,26,27,26,27,TA,TA,2,2.305,179.305
2,37,41,41,28,29,28,29,GC,GC,2,2.305,179.305
2,37,41,41,30,31,30,31,TA,TA,2,2.305,179.305
2,37,41,41,32,33,32,33,AC,AC,2,2.305,179.305
2,37,41,41,34,35,34,35,GT,GT,2,2.305,179.305
2,37,41,41,36,37,36,37,TA,TA,2,2.305,179.305
2,37,41,41,38,39,38,39,GC,GC,2,2.305,179.305
2,38,42,42,0,1,0,1,TA,TA,2,2.858,183.406
2,38,42,42,2,3,2,3,CG,CG,2,2.858,183.406
2,38,42,42,4,5,4,5,TT,TT,2,2.858,183.406
2,38,42,42,6,7,6,7,AG,AG,2,2.858,183.406
2,38,42,42,8,9,8,9,CT,CT,2,2.858,183.406
2,38,42,42,10,11,10,11,AG,AG,2,2.858,183.406
2,38,42,42,12,13,12,13,CG,CG,2,2.858,183.406
2,38,42,42,14,15,14,15,TA,TA,2,2.858,183.406
2,38,42,42,16,17,16,17,CG,CG,2,2.858,183.406
2,38,42,42,18,19,18,19,TT,TT,2,2.858,183.406
2,38,42,42,20,21,20,21,AG,AG,2,2.858,183.406
2,38,42,42,22,23,22,23,CT,CT,2,2.858,183.406
2,38,42,42,24,25,24,25,AG,AG,2,2.858,183.406
2,38,42,42,26,27,26,27,CT,CT,2,2.858,183.406
2,38,42,42,28,29,28,29,AA,AA,2,2.858,183.406
2,38,42,42,30,31,30,31,CG,CG,2,2.858,183.406
2,38,42,42,32,33,32,33,TT,TT,2,2.858,183.406
2,38,42,42,34,35,34,35,AG,AG,2,2.858,183.406
2,38,42,42,36,37,36,37,CT,CT,2,2.858,183.406
2,38,42,42,38,39,38,39,AG,AG,2,2.858,183.406
2,38,42,42,40,41,40,41,CT,CA,1,2.858,183.406
2,39,43,43,0,1,0,1,AT,AT,2,2.556,189.773
2,39,43,43,2,3,2,3,CG,CG,2,2.556,189.773
2,39,43,43,4,5,4,5,TA,TA,2,2.556,189.773
2,39,43,43,6,7,6,7,GC,GC,2,2.556,189.773
2,39,43,43,8,9,8,9,TA,TA,2,2.556,189.773
2,39,43,43,10,11,10,11,AC,AC,2,2.556,189.773
2,39,43,43,12,13,12,13,GT,GT,2,2.556,189.773
2,39,43,43,14,15,14,15,TA,TA,2,2.556,189.773
2,39,43,43,16,17,16,17,GC,GC,2,2.556,189.773
2,39,43,43,18,19,18,19,TA,TA,2,2.556,189.773
2,39,43,43,20,21,20,21,GC,GC,2,2.556,189.773
2,39,43,43,22,23,22,23,TA,TA,2,2.556,189.773
2,39,43,43,24,25,24,25,AC,AC,2,2.556,189.773
2,39,43,43,26,27,26,27,GT,GT,2,2.556,189.773
2,39,43,43,28,29,28,29,TA,TA,2,2.556,189.773
2,39,43,43,30,31,30,31,GC,GC,2,2.556,189.773
2,39,43,43,32,33,32,33,GT,GT,2,2.556,189.773
2,39,43,43,34,35,34,35,AC,AC,2,2.556,189.773
2,39,43,43,36,37,36,37,GT,GT,2,2.556,189.773
2,39,43,43,38,39,38,39,TA,TA,2,2.556,189.773
2,39,43,43,40,41,40,41,GC,GC,2,2.556,189.773
2,40,44,44,0,1,0,1,GG,GG,2,2.286,195.063
2,40,44,44,2,3,2,3,AT,AT,2,2.286,195.063
2,40,44,44,4,5,4,5,CC,CC,2,2.286,195.063
2,40,44,44,6,7,6,7,GT,GT,2,2.286,195.063
2,40,44,44,8,9,8,9,AG,AG,2,2.286,195.063
2,40,44,44,10,11,10,11,CT,CT,2,2.286,195.063
2,40,44,44,12,13,12,13,TA,TA,2,2.286,195.063
2,40,44,44,14,15,14,15,CG,CG,2,2.286,195.063
2,40,44,44,16,17,16,17,TT,TT,2,2.286,195.063
2,40,44,44,18,19,18,19,AC,AC,2,2.286,195.063
2,40,44,44,20,21,20,21,GA,GA,2,2.286,195.063
2,40,44,44,22,23,22,23,TC,TC,2,2.286,195.063
2,40,44,44,24,25,24,25,GT,GT,2,2.286,195.063
2,40,44,44,26,27,26,27,AG,AG,2,2.286,195.063
2,40,44,44,28,29,28,29,CT,CT,2,2.286,195.063
2,40,44,44,30,31,30,31,AG,AG,2,2.286,195.063
2,40,44,44,32,33,32,33,CT,CT,2,2.286,195.063
2,40,44,44,34,35,34,35,AA,AA,2,2.286,195.063
2,40,44,44,36,37,36,37,CG,CG,2,2.286,195.063
2,40,44,44,38,39,38,39,TT,TT,2,2.286,195.063
2,40,44,44,40,41,40,41,AG,AG,2,2.286,195.063
2,40,44,44,42,43,42,43,CT,CA,1,2.286,195.063
2,41,45,45,0,1,0,1,TG,TG,2,2.552,214.227
2,41,45,45,2,3,2,3,CA,CA,2,2.552,214.227
2,41,45,45,4,5,4,5,TG,TG,2,2.552,214.227
2,41,45,45,6,7,6,7,AC,AC,2,2.552,214.227
2,41,45,45,8,9,8,9,TG,TG,2,2.552,214.227
2,41,45,45,10,11,10,11,AC,AC,2,2.552,214.227
2,41,45,45,12,13,12,13,TG,TG,2,2.552,214.227
2,41,45,45,14,15,14,15,AC,AC,2,2.552,214.227
2,41,45,45,16,17,16,17,TG,TG,2,2.552,214.227
2,41,45,45,18,19,18,19,AC,AC,2,2.552,214.227
2,41,45,45,20,21,20,21,TG,TG,2,2.552,214.227
2,41,45,45,22,23,22,23,AC,AC,2,2.552,214.227
2,41,45,45,24,25,24,25,TG,TG,2,2.552,214.227
2,41,45,45,26,27,26,27,AC,AC,2,2.552,214.227
2,41,45,45,28,29,28,29,TG,TG,2,2.552,214.227
2,41,45,45,30,31,30,31,AC,AC,2,2.552,214.227
2,41,45,45,32,33,32,33,TG,TG,2,2.552,214.227
2,41,45,45,34,35,34,35,AC,AC,2,2.552,214.227
2,41,45,45,36,37,36,37,TG,TG,2,2.552,214.227
2,41,45,45,38,39,38,39,AC,AC,2,2.552,214.227
2,41,45,45,40,41,40,41,TG,TG,2,2.552,214.227
2,41,45,45,42,43,42,43,AC,AT,1,2.552,214.227
2,42,46,47,0,1,0,1,AT,AT,2,2.494,224.383
2,42,46,47,2,3,2,3,GC,GC,2,2.494,224.383
2,42,46,47,4,5,4,5,GT,GT,2,2.494,224.383
2,42,46,47,6,7,6,7,TA,TA,2,2.494,224.383
2,42,46,47,8,9,8,9,AT,AT,2,2.494,224.383
2,42,46,47,10,11,10,11,GC,GC,2,2.494,224.383
2,42,46,47,12,13,12,13,GT,GT,2,2.494,224.383
2,42,46,47,14,15,14,15,TA,TA,2,2.494,224.383
2,42,46,47,16,17,16,17,AT,AT,2,2.494,224.383
2,42,46,47,18,19,18,19,GC,GC,2,2.494,224.383
2,42,46,47,20,21,20,21,GT,GT,2,2.494,224.383
2,42,46,47,22,23,22,23,TA,TA,2,2.494,224.383
2,42,46,47,24,25,24,25,AT,AT,2,2.494,224.383
2,42,46,47,26,27,26,27,GC,GC,2,2.494,224.383
2,42,46,47,28,29,28,29,GT,GT,2,2.494,224.383
2,42,46,47,30,31,30,31,TA,TA,2,2.494,224.383
2,42,46,47,32,33,32,33,AT,AT,2,2.494,224.383
2,42,46,47,34,35,34,35,GC,GC,2,2.494,224.383
2,42,46,47,36,37,36,37,GT,GT,2,2.494,224.383
2,42,46,47,38,39,38,39,TA,TA,2,2.494,224.383
2,42,46,47,40,41,40,41,AT,AT,2,2.494,224.383
2,42,46,47,42,43,42,43,GC,GC,2,2.494,224.383
2,42,46,47,44,45,44,45,GT,GT,2,2.494,224.383
2,43,47,47,0,1,0,1,GA,GA,2,2.644,231.148
2,43,47,47,2,3,2,3,TT,TT,2,2.644,231.148
2,43,47,47,4,5,4,5,AC,AC,2,2.644,231.148
2,43,47,47,6,7,6,7,AG,AG,2,2.644,231.148
2,43,47,47,8,9,8,9,GC,GC,2,2.644,231.148
2,43,47,47,10,11,10,11,TT,TT,2,2.644,231.148
2,43,47,47,12,13,12,13,AC,AC,2,2.644,231.148
2,43,47,47,14,15,14,15,GA,GA,2,2.644,231.148
2,43,47,47,16,17,16,17,AT,AT,2,2.644,231.148
2,43,47,47,18,19,18,19,CG,CG,2,2.644,231.148
2,43,47,47,20,21,20,21,TA,TA,2,2.644,231.148
2,43,47,47,22,23,22,23,CG,CG,2,2.644,231.148
2,43,47,47,24,25,24,25,TT,TT,2,2.644,231.148
2,43,47,47,26,27,26,27,AG,AG,2,2.644,231.148
2,43,47,47,28,29,28,29,CT,CT,2,2.644,231.148
2,43,47,47,30,31,30,31,AG,AG,2,2.644,231.148
2,43,47,47,32,33,32,33,CT,CT,2,2.644,231.148
2,43,47,47,34,35,34,35,AA,AA,2,2.644,231.148
2,43,47,47,36,37,36,37,CG,CG,2,2.644,231.148
2,43,47,47,38,39,38,39,TT,TT,2,2.644,231.148
2,43,47,47,40,41,40,41,AG,AG,2,2.644,231.148
2,43,47,47,42,43,42,43,CT,CT,2,2.644,231.148
2,43,47,47,44,45,44,45,AG,AG,2,2.644,231.148
2,44,47,48,0,1,0,1,CG,CG,2,2.772,229.547
2,44,47,48,2,3,2,3,TA,TA,2,2.772,229.547
2,44,47,48,4,5,4,5,CG,CG,2,2.772,229.547
2,44,47,48,6,7,6,7,TT,TT,2,2.772,229.547
2,44,47,48,8,9,8,9,AG,AG,2,2.772,229.547
2,44,47,48,10,11,10,11,CT,CT,2,2.772,229.547
2,44,47,48,12,13,12,13,AG,AG,2,2.772,229.547
2,44,47,48,14,15,14,15,CT,CT,2,2.772,229.547
2,44,47,48,16,17,16,17,AA,AA,2,2.772,229.547
2,44,47,48,18,19,18,19,CG,CG,2,2.772,229.547
2,44,47,48,20,21,20,21,TA,TA,2,2.772,229.547
2,44,47,48,22,23,22,23,GC,GC,2,2.772,229.547
2,44,47,48,24,25,24,25,TA,TA,2,2.772,229.547
2,44,47,48,26,27,26,27,GC,GC,2,2.772,229.547
2,44,47,48,28,29,28,29,TA,TA,2,2.772,229.547
2,44,47,48,30,31,30,31,AC,AC,2,2.772,229.547
2,44,47,48,32,33,32,33,GT,GT,2,2.772,229.547
2,44,47,48,34,35,34,35,TA,TA,2,2.772,229.547
2,44,47,48,36,37,36,37,GC,GC,2,2.772,229.547
2,44,47,48,38,39,38,39,TA,TA,2,2.772,229.547
2,44,47,48,40,41,40,41,GC,GC,2,2.772,229.547
2,44,47,48,42,43,42,43,TA,TA,2,2.772,229.547
2,44,47,48,44,45,44,45,AC,AC,2,2.772,229.547
2,45,47,48,0,1,0,1,TG,TG,2,2.585,229.992
2,45,47,48,2,3,2,3,CA,CA,2,2.585,229.992
2,45,47,48,4,5,4,5,TG,TG,2,2.585,229.992
2,45,47,48,6,7,6,7,AC,AC,2,2.585,229.992
2,45,47,48,8,9,8,9,TG,TG,2,2.585,229.992
2,45,47,48,10,11,10,11,AC,AC,2,2.585,229.992
2,45,47,48,12,13,12,13,TG,TG,2,2.585,229.992
2,45,47,48,14,15,14,15,AC,AC,2,2.585,229.992
2,45,47,48,16,17,16,17,AG,AG,2,2.585,229.992
2,45,47,48,18,19,18,19,AC,AC,2,2.585,229.992
2,45,47,48,20,21,20,21,TG,TG,2,2.585,229.992
2,45,47,48,22,23,22,23,AC,AC,2,2.585,229.992
2,45,47,48,24,25,24,25,TG,TG,2,2.585,229.992
2,45,47,48,26,27,26,27,AC,AC,2,2.585,229.992
2,45,47,48,28,29,28,29,TG,TG,2,2.585,229.992
2,45,47,48,30,31,30,31,AC,AC,2,2.585,229.992
2,45,47,48,32,33,32,33,TG,TG,2,2.585,229.992
2,45,47,48,34,35,34,35,AC,AC,2,2.585,229.992
2,45,47,48,36,37,36,37,TG,TG,2,2.585,229.992
2,45,47,48,38,39,38,39,AC,AC,2,2.585,229.992
2,45,47,48,40,41,40,41,TG,TG,2,2.585,229.992
2,45,47,48,42,43,42,43,AC,AC,2,2.585,229.992
2,45,47,48,44,45,44,45,TG,TG,2,2.585,229.992
2,46,48,48,0,1,0,1,AT,AT,2,2.564,235.164
2,46,48,48,2,3,2,3,GC,GC,2,2.564,235.164
2,46,48,48,4,5,4,5,GT,GT,2,2.564,235.164
2,46,48,48,6,7,6,7,AC,AC,2,2.564,235.164
2,46,48,48,8,9,8,9,GT,GT,2,2.564,235.164
2,46,48,48,10,11,10,11,TA,TA,2,2.564,235.164
2,46,48,48,12,13,12,13,GC,GC,2,2.564,235.164
2,46,48,48,14,15,14,15,GT,GT,2,2.564,235.164
2,46,48,48,16,17,16,17,AC,AC,2,2.564,235.164
2,46,48,48,18,19,18,19,GT,GT,2,2.564,235.164
2,46,48,48,20,21,20,21,TA,TA,2,2.564,235.164
2,46,48,48,22,23,22,23,GC,GC,2,2.564,235.164
2,46,48,48,24,25,24,25,GT,GT,2,2.564,235.164
2,46,48,48,26,27,26,27,AC,AC,2,2.564,235.164
2,46,48,48,28,29,28,29,GT,GT,2,2.564,235.164
2,46,48,48,30,31,30,31,TA,TA,2,2.564,235.164
2,46,48,48,32,33,32,33,GC,GC,2,2.564,235.164
2,46,48,48,34,35,34,35,GT,GT,2,2.564,235.164
2,46,48,48,36,37,36,37,AC,AC,2,2.564,235.164
2,46,48,48,38,39,38,39,GT,GT,2,2.564,235.164
2,46,48,48,40,41,40,41,TA,TA,2,2.564,235.164
2,46,48,48,42,43,42,43,GC,GC,2,2.564,235.164
2,46,48,48,44,45,44,45,GT,GT,2,2.564,235.164
2,46,48,48,46,47,46,47,AC,AT,1,2.564,235.164
2,47,49,49,0,1,0,1,CG,CG,2,2.520,243.633
2,47,49,49,2,3,2,3,TA,TA,2,2.520,243.633
2,47,49,49,4,5,4,5,GC,GC,2,2.520,243.633
2,47,49,49,6,7,6,7,TA,TA,2,2.520,243.633
2,47,49,49,8,9,8,9,GC,GC,2,2.520,243.633
2,47,49,49,10,11,10,11,TA,TA,2,2.520,243.633
2,47,49,49,12,13,12,13,AC,AC,2,2.520,243.633
2,47,49,49,14,15,14,15,GT,GT,2,2.520,243.633
2,47,49,49,16,17,16,17,TA,TA,2,2.520,243.633
2,47,49,49,18,19,18,19,CG,CG,2,2.520,243.633
2,47,49,49,20,21,20,21,AT,AT,2,2.520,243.633
2,47,49,49,22,23,22,23,CG,CG,2,2.520,243.633
2,47,49,49,24,25,24,25,TA,TA,2,2.520,243.633
2,47,49,49,26,27,26,27,GC,GC,2,2.520,243.633
2,47,49,49,28,29,28,29,TA,TA,2,2.520,243.633
2,47,49,49,30,31,30,31,GC,GC,2,2.520,243.633
2,47,49,49,32,33,32,33,TA,TA,2,2.520,243.633
2,47,49,49,34,35,34,35,AC,AC,2,2.520,243.633
2,47,49,49,36,37,36,37,GT,GT,2,2.520,243.633
2,47,49,49,38,39,38,39,TA,TA,2,2.520,243.633
2,47,49,49,40,41,40,41,GC,GC,2,2.520,243.633
2,47,49,49,42,43,42,43,TA,TA,2,2.520,243.633
2,47,49,49,44,45,44,45,GC,GC,2,2.520,243.633
2,47,49,49,46,47,46,47,TA,TA,2,2.520,243.633
2,48,49,49,0,1,0,1,GC,GC,2,2.493,240.273
2,48,49,49,2,3,2,3,TA,TA,2,2.493,240.273
2,48,49,49,4,5,4,5,GC,GC,2,2.493,240.273
2,48,49,49,6,7,6,7,GT,GT,2,2.493,240.273
2,48,49,49,8,9,8,9,AC,AC,2,2.493,240.273
2,48,49,49,10,11,10,11,GT,GT,2,2.493,240.273
2,48,49,49,12,13,12,13,AG,AG,2,2.493,240.273
2,48,49,49,14,15,14,15,CT,CT,2,2.493,240.273
2,48,49,49,16,17,16,17,AG,AG,2,2.493,240.273
2,48,49,49,18,19,18,19,CT,CT,2,2.493,240.273
2,48,49,49,20,21,20,21,AA,AA,2,2.493,240.273
2,48,49,49,22,23,22,23,CG,CG,2,2.493,240.273
2,48,49,49,24,25,24,25,TT,TT,2,2.493,240.273
2,48,49,49,26,27,26,27,AG,AG,2,2.493,240.273
2,48,49,49,28,29,28,29,CT,CT,2,2.493,240.273
2,48,49,49,30,31,30,31,AG,AG,2,2.493,240.273
2,48,49,49,32,33,32,33,CT,CT,2,2.493,240.273
2,48,49,49,34,35,34,35,AA,AA,2,2.493,240.273
2,48,49,49,36,37,36,37,CG,CG,2,2.493,240.273
2,48,49,49,38,39,38,39,TT,TT,2,2.493,240.273
2,48,49,49,40,41,40,41,AG,AG,2,2.493,240.273
2,48,49,49,42,43,42,43,CT,CT,2,2.493,240.273
2,48,49,49,44,45,44,45,AG,AG,2,2.493,240.273
2,48,49,49,46,47,46,47,CT,CT,2,2.493,240.273
2,49,49,49,0,1,0,1,TA,TA,2,2.368,241.156
2,49,49,49,2,3,2,3,CG,CG,2,2.368,241.156
2,49,49,49,4,5,4,5,TT,TT,2,2.368,241.156
2,49,49,49,6,7,6,7,AG,AG,2,2.368,241.156
2,49,49,49,8,9,8,9,CT,CT,2,2.368,241.156
2,49,49,49,10,11,10,11,AG,AG,2,2.368,241.156
2,49,49,49,12,13,12,13,CT,CT,2,2.368,241.156
2,49,49,49,14,15,14,15,AG,AG,2,2.368,241.156
2,49,49,49,16,17,16,17,CG,CG,2,2.368,241.156
2,49,49,49,18,19,18,19,TT,TT,2,2.368,241.156
2,49,49,49,20,21,20,21,AA,AA,2,2.368,241.156
2,49,49,49,22,23,22,23,TC,TC,2,2.368,241.156
2,49,49,49,24,25,24,25,GT,GT,2,2.368,241.156
2,49,49,49,26,27,26,27,AG,AG,2,2.368,241.156
2,49,49,49,28,29,28,29,CT,CT,2,2.368,241.156
2,49,49,49,30,31,30,31,AA,AA,2,2.368,241.156
2,49,49,49,32,33,32,33,CG,CG,2,2.368,241.156
2,49,49,49,34,35,34,35,TT,TT,2,2.368,241.156
2,49,49,49,36,37,36,37,AG,AG,2,2.368,241.156
2,49,49,49,38,39,38,39,CT,CT,2,2.368,241.156
2,49,49,49,40,41,40,41,AG,AG,2,2.368,241.156
2,49,49,49,42,43,42,43,CT,CT,2,2.368,241.156
2,49,49,49,44,45,44,45,AA,AA,2,2.368,241.156
2,49,49,49,46,47,46,47,CG,CG,2,2.368,241.156
2,50,50,50,0,1,0,1,GG,GG,2,2.520,249.523
2,50,50,50,2,3,2,3,CT,CT,2,2.520,249.523
2,50,50,50,4,5,4,5,TA,TA,2,2.520,249.523
2,50,50,50,6,7,6,7,CG,CG,2,2.520,249.523
2,50,50,50,8,9,8,9,AT,AT,2,2.520,249.523
2,50,50,50,10,11,10,11,CG,CG,2,2.520,249.523
2,50,50,50,12,13,12,13,TA,TA,2,2.520,249.523
2,50,50,50,14,15,14,15,GC,GC,2,2.520,249.523
2,50,50,50,16,17,16,17,TA,TA,2,2.520,249.523
2,50,50,50,18,19,18,19,GC,GC,2,2.520,249.523
2,50,50,50,20,21,20,21,AG,AG,2,2.520,249.523
2,50,50,50,22,23,22,23,TT,TT,2,2.520,249.523
2,50,50,50,24,25,24,25,AG,AG,2,2.520,249.523
2,50,50,50,26,27,26,27,CT,CT,2,2.520,249.523
2,50,50,50,28,29,28,29,AA,AA,2,2.520,249.523
2,50,50,50,30,31,30,31,CG,CG,2,2.520,249.523
2,50,50,50,32,33,32,33,TT,TT,2,2.520,249.523
2,50,50,50,34,35,34,35,AG,AG,2,2.520,249.523
2,50,50,50,36,37,36,37,CT,CT,2,2.520,249.523
2,50,50,50,38,39,38,39,AG,AG,2,2.520,249.523
2,50,50,50,40,41,40,41,CT,CT,2,2.520,249.523
2,50,50,50,42,43,42,43,AA,AA,2,2.520,249.523
2,50,50,50,44,45,44,45,CG,CG,2,2.520,249.523
2,50,50,50,46,47,46,47,TT,TT,2,2.520,249.523
2,50,50,50,48,49,48,49,AG,AT,1,2.520,249.523
3,1,10,10,0,2,0,2,ATG,ATG,3,2.130,11.781
3,1,10,10,3,5,3,5,CTA,CTA,3,2.130,11.781
3,1,10,10,6,8,6,8,CGT,CGT,3,2.130,11.781
3,2,13,13,0,2,0,2,GAT,GAT,3,2.175,15.938
3,2,13,13,3,5,3,5,TAC,TAC,3,2.175,15.938
3,2,13,13,6,8,6,8,AGG,AGG,3,2.175,15.938
3,2,13,13,9,11,9,11,CTT,CTT,3,2.175,15.938
3,3,15,15,0,2,0,2,TGC,TGC,3,1.990,23.250
3,3,15,15,3,5,3,5,ATG,ATG,3,1.990,23.250
3,3,15,15,6,8,6,8,ACT,ACT,3,1.990,23.250
3,3,15,15,9,11,9,11,GAC,GAC,3,1.990,23.250
3,3,15,15,12,14,12,14,TGA,TGT,2,1.990,23.250
3,4,17,17,0,2,0,2,ATC,ATC,3,2.045,29.445
3,4,17,17,3,5,3,5,GTA,GTA,3,2.045,29.445
3,4,17,17,6,8,6,8,GCT,GCT,3,2.045,29.445
3,4,17,17,9,11,9,11,AGC,AGC,3,2.045,29.445
3,4,17,17,12,14,12,14,TAG,TAG,3,2.045,29.445
3,5,20,20,0,2,0,2,GGA,GGA,3,1.948,42.008
3,5,20,20,3,5,3,5,TCC,TCC,3,1.948,42.008
3,5,20,20,6,8,6,8,GTA,GTA,3,1.948,42.008
3,5,20,20,9,11,9,11,GCT,GCT,3,1.948,42.008
3,5,20,20,12,14,12,14,AGC,AGC,3,1.948,42.008
3,5,20,20,15,17,15,17,TTA,TTA,3,1.948,42.008
3,6,22,23,0,2,0,2,ATG,ATG,3,2.056,52.156
3,6,22,23,3,5,3,5,CGT,CGT,3,2.056,52.156
3,6,22,23,6,8,6,8,TAA,TAA,3,2.056,52.156
3,6,22,23,9,11,9,11,TGC,TGC,3,2.056,52.156
3,6,22,23,12,14,12,14,GTT,GTT,3,2.056,52.156
3,6,22,23,15,17,15,17,AAT,AAT,3,2.056,52.156
3,6,22,23,18,20,18,20,GCG,GCG,3,2.056,52.156
3,7,22,23,0,2,0,2,GAT,GAT,3,2.569,52.156
3,7,22,23,3,5,3,5,TAC,TAC,3,2.569,52.156
3,7,22,23,6,8,6,8,AGG,AGG,3,2.569,52.156
3,7,22,23,9,11,9,11,CTT,CTT,3,2.569,52.156
3,7,22,23,12,14,12,14,ACG,ACG,3,2.569,52.156
3,7,22,23,15,17,15,17,AAT,AAT,3,2.569,52.156
3,7,22,23,18,20,18,20,CGT,CGT,3,2.569,52.156
3,8,22,22,0,2,0,2,CGT,CGT,3,2.472,52.195
3,8,22,22,3,5,3,5,ACG,ACG,3,2.472,52.195
3,8,22,22,6,8,6,8,TTA,TTA,3,2.472,52.195
3,8,22,22,9,11,9,11,GCT,GCT,3,2.472,52.195
3,8,22,22,12,14,12,14,AGC,AGC,3,2.472,52.195
3,8,22,22,15,17,15,17,TAA,TAA,3,2.472,52.195
3,8,22,22,18,20,18,20,CGT,CGT,3,2.472,52.195
3,9,23,23,0,2,0,2,TGC,TGC,3,2.414,54.742
3,9,23,23,3,5,3,5,ATG,ATG,3,2.414,54.742
3,9,23,23,6,8,6,8,ACT,ACT,3,2.414,54.742
3,9,23,23,9,11,9,11,GAC,GAC,3,2.414,54.742
3,9,23,23,12,14,12,14,TGA,TGA,3,2.414,54.742
3,9,23,23,15,17,15,17,CAG,CAG,3,2.414,54.742
3,9,23,23,18,20,18,20,ACT,ACT,3,2.414,54.742
3,10,24,24,0,2,0,2,ATG,ATG,3,2.192,59.953
3,10,24,24,3,5,3,5,CGT,CGT,3,2.192,59.953
3,10,24,24,6,8,6,8,ACG,ACG,3,2.192,59.953
3,10,24,24,9,11,9,11,TTA,TTA,3,2.192,59.953
3,10,24,24,12,14,12,14,GCG,GCG,3,2.192,59.953
3,10,24,24,15,17,15,17,TAC,TAC,3,2.192,59.953
3,10,24,24,18,20,18,20,GTT,GTT,3,2.192,59.953
3,10,24,24,21,23,21,23,AGC,AGT,2,2.192,59.953
3,11,25,25,0,2,0,2,CGT,CGT,3,2.144,65.156
3,11,25,25,3,5,3,5,AGC,AGC,3,2.144,65.156
3,11,25,25,6,8,6,8,TAG,TAG,3,2.144,65.156
3,11,25,25,9,11,9,11,CTA,CTA,3,2.144,65.156
3,11,25,25,12,14,12,14,ACG,ACG,3,2.144,65.156
3,11,25,25,15,17,15,17,TTA,TTA,3,2.144,65.156
3,11,25,25,18,20,18,20,CGA,CGA,3,2.144,65.156
3,11,25,25,21,23,21,23,TGC,TGC,3,2.144,65.156
3,12,25,25,0,2,0,2,GCT,GCT,3,2.075,65.156
3,12,25,25,3,5,3,5,AGC,AGC,3,2.075,65.156
3,12,25,25,6,8,6,8,GTA,GTA,3,2.075,65.156
3,12,25,25,9,11,9,11,CGT,CGT,3,2.075,65.156
3,12,25,25,12,14,12,14,AGC,AGC,3,2.075,65.156
3,12,25,25,15,17,15,17,TAG,TAG,3,2.075,65.156
3,12,25,25,18,20,18,20,CTA,CTA,3,2.075,65.156
3,12,25,25,21,23,21,23,ACG,ACG,3,2.075,65.156
3,13,26,26,0,2,0,2,TAC,TAC,3,2.246,72.719
3,13,26,26,3,5,3,5,GTT,GTT,3,2.246,72.719
3,13,26,26,6,8,6,8,AGC,AGC,3,2.246,72.719
3,13,26,26,9,11,9,11,TAG,TAG,3,2.246,72.719
3,13,26,26,12,14,12,14,CTA,CTA,3,2.246,72.719
3,13,26,26,15,17,15,17,GCG,GCG,3,2.246,72.719
3,13,26,26,18,20,18,20,TTA,TTA,3,2.246,72.719
3,13,26,26,21,23,21,23,ATC,ATC,3,2.246,72.719
3,14,26,26,0,2,0,2,GGC,GGC,3,2.171,72.719
3,14,26,26,3,5,3,5,TTA,TTA,3,2.171,72.719
3,14,26,26,6,8,6,8,CGA,CGA,3,2.171,72.719
3,14,26,26,9,11,9,11,TCG,TCG,3,2.171,72.719
3,14,26,26,12,14,12,14,TAG,TAG,3,2.171,72.719
3,14,26,26,15,17,15,17,CTA,CTA,3,2.171,72.719
3,14,26,26,18,20,18,20,GCA,GCA,3,2.171,72.719
3,14,26,26,21,23,21,23,GTT,GTT,3,2.171,72.719
3,15,27,27,0,2,0,2,ATC,ATC,3,2.166,78.914
3,15,27,27,3,5,3,5,GTA,GTA,3,2.166,78.914
3,15,27,27,6,8,6,8,CGT,CGT,3,2.166,78.914
3,15,27,27,9,11,9,11,TAG,TAG,3,2.166,78.914
3,15,27,27,12,14,12,14,CTA,CTA,3,2.166,78.914
3,15,27,27,15,17,15,17,GCT,GCT,3,2.166,78.914
3,15,27,27,18,20,18,20,AAC,AAC,3,2.166,78.914
3,15,27,27,21,23,21,23,GTT,GTT,3,2.166,78.914
3,15,27,27,24,26,24,26,AGC,AGT,2,2.166,78.914
3,16,28,28,0,2,0,2,GAT,GAT,3,2.051,84.070
3,16,28,28,3,5,3,5,CGT,CGT,3,2.051,84.070
3,16,28,28,6,8,6,8,AGC,AGC,3,2.051,84.070
3,16,28,28,9,11,9,11,TAG,TAG,3,2.051,84.070
3,16,28,28,12,14,12,14,CTA,CTA,3,2.051,84.070
3,16,28,28,15,17,15,17,GCT,GCT,3,2.051,84.070
3,16,28,28,18,20,18,20,AAC,AAC,3,2.051,84.070
3,16,28,28,21,23,21,23,GTT,GTT,3,2.051,84.070
3,16,28,28,24,26,24,26,ACG,ACG,3,2.051,84.070
3,17,28,28,0,2,0,2,TGC,TGC,3,2.059,84.070
3,17,28,28,3,5,3,5,ATG,ATG,3,2.059,84.070
3,17,28,28,6,8,6,8,ACT,ACT,3,2.059,84.070
3,17,28,28,9,11,9,11,GAC,GAC,3,2.059,84.070
3,17,28,28,12,14,12,14,TGA,TGA,3,2.059,84.070
3,17,28,28,15,17,15,17,CTG,CTG,3,2.059,84.070
3,17,28,28,18,20,18,20,ACG,ACG,3,2.059,84.070
3,17,28,28,21,23,21,23,TAG,TAG,3,2.059,84.070
3,17,28,28,24,26,24,26,CTA,CTA,3,2.059,84.070
3,18,29,29,0,2,0,2,CGT,CGT,3,2.053,89.227
3,18,29,29,3,5,3,5,ACG,ACG,3,2.053,89.227
3,18,29,29,6,8,6,8,TAG,TAG,3,2.053,89.227
3,18,29,29,9,11,9,11,CTA,CTA,3,2.053,89.227
3,18,29,29,12,14,12,14,GCT,GCT,3,2.053,89.227
3,18,29,29,15,17,15,17,AGC,AGC,3,2.053,89.227
3,18,29,29,18,20,18,20,TAA,TAA,3,2.053,89.227
3,18,29,29,21,23,21,23,CTG,CTG,3,2.053,89.227
3,18,29,29,24,26,24,26,ACT,ACT,3,2.053,89.227
3,19,30,30,0,2,0,2,GCT,GCT,3,2.093,93.406
3,19,30,30,3,5,3,5,TAG,TAG,3,2.093,93.406
3,19,30,30,6,8,6,8,CGT,CGT,3,2.093,93.406
3,19,30,30,9,11,9,11,ACG,ACG,3,2.093,93.406
3,19,30,30,12,14,12,14,TTA,TTA,3,2.093,93.406
3,19,30,30,15,17,15,17,GCT,GCT,3,2.093,93.406
3,19,30,30,18,20,18,20,AGC,AGC,3,2.093,93.406
3,19,30,30,21,23,21,23,GTA,GTA,3,2.093,93.406
3,19,30,30,24,26,24,26,GCT,GCT,3,2.093,93.406
3,19,30,30,27,29,27,29,AGC,AGT,2,2.093,93.406
3,20,31,31,0,2,0,2,TAC,TAC,3,2.189,105.992
3,20,31,31,3,5,3,5,GTT,GTT,3,2.189,105.992
3,20,31,31,6,8,6,8,AGC,AGC,3,2.189,105.992
3,20,31,31,9,11,9,11,TAG,TAG,3,2.189,105.992
3,20,31,31,12,14,12,14,CGT,CGT,3,2.189,105.992
3,20,31,31,15,17,15,17,ACG,ACG,3,2.189,105.992
3,20,31,31,18,20,18,20,TTA,TTA,3,2.189,105.992
3,20,31,31,21,23,21,23,GCT,GCT,3,2.189,105.992
3,20,31,31,24,26,24,26,AGC,AGC,3,2.189,105.992
3,20,31,31,27,29,27,29,TAA,TAA,3,2.189,105.992
3,21,32,32,0,2,0,2,ATC,ATC,3,2.541,109.602
3,21,32,32,3,5,3,5,GTA,GTA,3,2.541,109.602
3,21,32,32,6,8,6,8,GCT,GCT,3,2.541,109.602
3,21,32,32,9,11,9,11,AAC,AAC,3,2.541,109.602
3,21,32,32,12,14,12,14,GTT,GTT,3,2.541,109.602
3,21,32,32,15,17,15,17,AGC,AGC,3,2.541,109.602
3,21,32,32,18,20,18,20,TAG,TAG,3,2.541,109.602
3,21,32,32,21,23,21,23,CTA,CTA,3,2.541,109.602
3,21,32,32,24,26,24,26,ACG,ACG,3,2.541,109.602
3,21,32,32,27,29,27,29,TTA,TTA,3,2.541,109.602
3,22,32,32,0,2,0,2,GGA,GGA,3,2.218,109.602
3,22,32,32,3,5,3,5,TCC,TCC,3,2.218,109.602
3,22,32,32,6,8,6,8,GTA,GTA,3,2.218,109.602
3,22,32,32,9,11,9,11,GCT,GCT,3,2.218,109.602
3,22,32,32,12,14,12,14,TAC,TAC,3,2.218,109.602
3,22,32,32,15,17,15,17,GTT,GTT,3,2.218,109.602
3,22,32,32,18,20,18,20,ACG,ACG,3,2.218,109.602
3,22,32,32,21,23,21,23,ATC,ATC,3,2.218,109.602
3,22,32,32,24,26,24,26,GTA,GTA,3,2.218,109.602
3,22,32,32,27,29,27,29,GCT,GCT,3,2.218,109.602
3,23,32,32,0,2,0,2,TGC,TGC,3,2.086,109.602
3,23,32,32,3,5,3,5,ATG,ATG,3,2.086,109.602
3,23,32,32,6,8,6,8,ACT,ACT,3,2.086,109.602
3,23,32,32,9,11,9,11,GAC,GAC,3,2.086,109.602
3,23,32,32,12,14,12,14,TGA,TGA,3,2.086,109.602
3,23,32,32,15,17,15,17,CTG,CTG,3,2.086,109.602
3,23,32,32,18,20,18,20,ACT,ACT,3,2.086,109.602
3,23,32,32,21,23,21,23,GAC,GAC,3,2.086,109.602
3,23,32,32,24,26,24,26,TGA,TGA,3,2.086,109.602
3,23,32,32,27,29,27,29,CTG,CTG,3,2.086,109.602
3,24,32,32,0,2,0,2,ATG,ATG,3,2.064,109.602
3,24,32,32,3,5,3,5,CGT,CGT,3,2.064,109.602
3,24,32,32,6,8,6,8,TAA,TAA,3,2.064,109.602
3,24,32,32,9,11,9,11,TGC,TGC,3,2.064,109.602
3,24,32,32,12,14,12,14,GTT,GTT,3,2.064,109.602
3,24,32,32,15,17,15,17,AAT,AAT,3,2.064,109.602
3,24,32,32,18,20,18,20,GCG,GCG,3,2.064,109.602
3,24,32,32,21,23,21,23,TTA,TTA,3,2.064,109.602
3,24,32,32,24,26,24,26,ATG,ATG,3,2.064,109.602
3,24,32,32,27,29,27,29,CGT,CGT,3,2.064,109.602
3,25,33,33,0,2,0,2,GAT,GAT,3,2.022,116.367
3,25,33,33,3,5,3,5,TAC,TAC,3,2.022,116.367
3,25,33,33,6,8,6,8,AGG,AGG,3,2.022,116.367
3,25,33,33,9,11,9,11,CTT,CTT,3,2.022,116.367
3,25,33,33,12,14,12,14,ACG,ACG,3,2.022,116.367
3,25,33,33,15,17,15,17,AAT,AAT,3,2.022,116.367
3,25,33,33,18,20,18,20,CGT,CGT,3,2.022,116.367
3,25,33,33,21,23,21,23,ACG,ACG,3,2.022,116.367
3,25,33,33,24,26,24,26,TTA,TTA,3,2.022,116.367
3,25,33,33,27,29,27,29,GCT,GCT,3,2.022,116.367
3,25,33,33,30,32,30,32,AGC,AGT,2,2.022,116.367
3,26,33,34,0,2,0,2,CGT,CGT,3,2.195,118.977
3,26,33,34,3,5,3,5,ACG,ACG,3,2.195,118.977
3,26,33,34,6,8,6,8,TTA,TTA,3,2.195,118.977
3,26,33,34,9,11,9,11,GCT,GCT,3,2.195,118.977
3,26,33,34,12,14,12,14,AGC,AGC,3,2.195,118.977
3,26,33,34,15,17,15,17,TAA,TAA,3,2.195,118.977
3,26,33,34,18,20,18,20,CGT,CGT,3,2.195,118.977
3,26,33,34,21,23,21,23,AGC,AGC,3,2.195,118.977
3,26,33,34,24,26,24,26,TAG,TAG,3,2.195,118.977
3,26,33,34,27,29,27,29,CTA,CTA,3,2.195,118.977
3,26,33,34,30,32,30,32,ACG,ACG,3,2.195,118.977
3,27,34,35,0,2,0,2,TGC,TGC,3,2.576,125.164
3,27,34,35,3,5,3,5,ATG,ATG,3,2.576,125.164
3,27,34,35,6,8,6,8,ACT,ACT,3,2.576,125.164
3,27,34,35,9,11,9,11,GAC,GAC,3,2.576,125.164
3,27,34,35,12,14,12,14,TGA,TGA,3,2.576,125.164
3,27,34,35,15,17,15,17,CAG,CAG,3,2.576,125.164
3,27,34,35,18,20,18,20,ACT,ACT,3,2.576,125.164
3,27,34,35,21,23,21,23,GAC,GAC,3,2.576,125.164
3,27,34,35,24,26,24,26,TGA,TGA,3,2.576,125.164
3,27,34,35,27,29,27,29,CTG,CTG,3,2.576,125.164
3,27,34,35,30,32,30,32,ACT,ACT,3,2.576,125.164
3,28,34,35,0,2,0,2,ATG,ATG,3,2.251,125.164
3,28,34,35,3,5,3,5,CGT,CGT,3,2.251,125.164
3,28,34,35,6,8,6,8,ACG,ACG,3,2.251,125.164
3,28,34,35,9,11,9,11,TTA,TTA,3,2.251,125.164
3,28,34,35,12,14,12,14,GCG,GCG,3,2.251,125.164
3,28,34,35,15,17,15,17,TAC,TAC,3,2.251,125.164
3,28,34,35,18,20,18,20,GTT,GTT,3,2.251,125.164
3,28,34,35,21,23,21,23,AGC,AGC,3,2.251,125.164
3,28,34,35,24,26,24,26,GTA,GTA,3,2.251,125.164
3,28,34,35,27,29,27,29,CGT,CGT,3,2.251,125.164
3,28,34,35,30,32,30,32,TAG,TAG,3,2.251,125.164
3,29,35,35,0,2,0,2,CGT,CGT,3,2.135,131.086
3,29,35,35,3,5,3,5,AGC,AGC,3,2.135,131.086
3,29,35,35,6,8,6,8,TAG,TAG,3,2.135,131.086
3,29,35,35,9,11,9,11,CTA,CTA,3,2.135,131.086
3,29,35,35,12,14,12,14,ACG,ACG,3,2.135,131.086
3,29,35,35,15,17,15,17,TTA,TTA,3,2.135,131.086
3,29,35,35,18,20,18,20,CGA,CGA,3,2.135,131.086
3,29,35,35,21,23,21,23,TCG,TCG,3,2.135,131.086
3,29,35,35,24,26,24,26,TAG,TAG,3,2.135,131.086
3,29,35,35,27,29,27,29,CTA,CTA,3,2.135,131.086
3,29,35,35,30,32,30,32,GCT,GCT,3,2.135,131.086
3,30,35,35,0,2,0,2,GCT,GCT,3,2.186,128.906
3,30,35,35,3,5,3,5,AGC,AGC,3,2.186,128.906
3,30,35,35,6,8,6,8,GTA,GTA,3,2.186,128.906
3,30,35,35,9,11,9,11,CGT,CGT,3,2.186,128.906
3,30,35,35,12,14,12,14,AGC,AGC,3,2.186,128.906
3,30,35,35,15,17,15,17,TAG,TAG,3,2.186,128.906
3,30,35,35,18,20,18,20,CTA,CTA,3,2.186,128.906
3,30,35,35,21,23,21,23,ACG,ACG,3,2.186,128.906
3,30,35,35,24,26,24,26,TTA,TTA,3,2.186,128.906
3,30,35,35,27,29,27,29,GCT,GCT,3,2.186,128.906
3,30,35,35,30,32,30,32,AGC,AGC,3,2.186,128.906
3,31,36,36,0,2,0,2,TAC,TAC,3,2.124,136.547
3,31,36,36,3,5,3,5,GTT,GTT,3,2.124,136.547
3,31,36,36,6,8,6,8,AGC,AGC,3,2.124,136.547
3,31,36,36,9,11,9,11,TAG,TAG,3,2.124,136.547
3,31,36,36,12,14,12,14,CTA,CTA,3,2.124,136.547
3,31,36,36,15,17,15,17,GCG,GCG,3,2.124,136.547
3,31,36,36,18,20,18,20,TTA,TTA,3,2.124,136.547
3,31,36,36,21,23,21,23,ATC,ATC,3,2.124,136.547
3,31,36,36,24,26,24,26,GTA,GTA,3,2.124,136.547
3,31,36,36,27,29,27,29,GCT,GCT,3,2.124,136.547
3,31,36,36,30,32,30,32,AAC,AAC,3,2.124,136.547
3,31,36,36,33,35,33,35,GTT,GTA,2,2.124,136.547
3,32,36,36,0,2,0,2,GGC,GGC,3,2.125,137.320
3,32,36,36,3,5,3,5,TTA,TTA,3,2.125,137.320
3,32,36,36,6,8,6,8,CGA,CGA,3,2.125,137.320
3,32,36,36,9,11,9,11,TCG,TCG,3,2.125,137.320
3,32,36,36,12,14,12,14,TAG,TAG,3,2.125,137.320
3,32,36,36,15,17,15,17,CTA,CTA,3,2.125,137.320
3,32,36,36,18,20,18,20,GCA,GCA,3,2.125,137.320
3,32,36,36,21,23,21,23,GTT,GTT,3,2.125,137.320
3,32,36,36,24,26,24,26,AGC,AGC,3,2.125,137.320
3,32,36,36,27,29,27,29,TAA,TAA,3,2.125,137.320
3,32,36,36,30,32,30,32,CGT,CGT,3,2.125,137.320
3,32,36,36,33,35,33,35,TAG,TAT,2,2.125,137.320
3,33,37,37,0,2,0,2,ATC,ATC,3,2.073,140.961
3,33,37,37,3,5,3,5,GTA,GTA,3,2.073,140.961
3,33,37,37,6,8,6,8,CGT,CGT,3,2.073,140.961
3,33,37,37,9,11,9,11,TAG,TAG,3,2.073,140.961
3,33,37,37,12,14,12,14,CTA,CTA,3,2.073,140.961
3,33,37,37,15,17,15,17,GCT,GCT,3,2.073,140.961
3,33,37,37,18,20,18,20,AAC,AAC,3,2.073,140.961
3,33,37,37,21,23,21,23,GTT,GTT,3,2.073,140.961
3,33,37,37,24,26,24,26,AGC,AGC,3,2.073,140.961
3,33,37,37,27,29,27,29,GTA,GTA,3,2.073,140.961
3,33,37,37,30,32,30,32,GCT,GCT,3,2.073,140.961
3,33,37,37,33,35,33,35,AAC,AAC,3,2.073,140.961
3,34,38,38,0,2,0,2,GAT,GAT,3,2.185,154.688
3,34,38,38,3,5,3,5,CGT,CGT,3,2.185,154.688
3,34,38,38,6,8,6,8,AGC,AGC,3,2.185,154.688
3,34,38,38,9,11,9,11,TAG,TAG,3,2.185,154.688
3,34,38,38,12,14,12,14,CTA,CTA,3,2.185,154.688
3,34,38,38,15,17,15,17,GCT,GCT,3,2.185,154.688
3,34,38,38,18,20,18,20,AAC,AAC,3,2.185,154.688
3,34,38,38,21,23,21,23,GTT,GTT,3,2.185,154.688
3,34,38,38,24,26,24,26,ACG,ACG,3,2.185,154.688
3,34,38,38,27,29,27,29,TTA,TTA,3,2.185,154.688
3,34,38,38,30,32,30,32,GCT,GCT,3,2.185,154.688
3,34,38,38,33,35,33,35,AGC,AGC,3,2.185,154.688
3,35,39,39,0,2,0,2,TGC,TGC,3,2.542,159.867
3,35,39,39,3,5,3,5,ATG,ATG,3,2.542,159.867
3,35,39,39,6,8,6,8,ACT,ACT,3,2.542,159.867
3,35,39,39,9,11,9,11,GAC,GAC,3,2.542,159.867
3,35,39,39,12,14,12,14,TGA,TGA,3,2.542,159.867
3,35,39,39,15,17,15,17,CTG,CTG,3,2.542,159.867
3,35,39,39,18,20,18,20,ACG,ACG,3,2.542,159.867
3,35,39,39,21,23,21,23,TAG,TAG,3,2.542,159.867
3,35,39,39,24,26,24,26,CTA,CTA,3,2.542,159.867
3,35,39,39,27,29,27,29,GCT,GCT,3,2.542,159.867
3,35,39,39,30,32,30,32,AAC,AAC,3,2.542,159.867
3,35,39,39,33,35,33,35,GTT,GTT,3,2.542,159.867
3,35,39,39,36,38,36,38,AGC,AGT,2,2.542,159.867
3,36,40,40,0,2,0,2,CGT,CGT,3,2.161,165.773
3,36,40,40,3,5,3,5,ACG,ACG,3,2.161,165.773
3,36,40,40,6,8,6,8,TAG,TAG,3,2.161,165.773
3,36,40,40,9,11,9,11,CTA,CTA,3,2.161,165.773
3,36,40,40,12,14,12,14,GCT,GCT,3,2.161,165.773
3,36,40,40,15,17,15,17,AGC,AGC,3,2.161,165.773
3,36,40,40,18,20,18,20,TAA,TAA,3,2.161,165.773
3,36,40,40,21,23,21,23,CTG,CTG,3,2.161,165.773
3,36,40,40,24,26,24,26,ACT,ACT,3,2.161,165.773
3,36,40,40,27,29,27,29,GAC,GAC,3,2.161,165.773
3,36,40,40,30,32,30,32,TGA,TGA,3,2.161,165.773
3,36,40,40,33,35,33,35,CTG,CTG,3,2.161,165.773
3,36,40,40,36,38,36,38,ACT,ACT,3,2.161,165.773
3,37,41,41,0,2,0,2,GCT,GCT,3,2.196,172.625
3,37,41,41,3,5,3,5,TAG,TAG,3,2.196,172.625
3,37,41,41,6,8,6,8,CGT,CGT,3,2.196,172.625
3,37,41,41,9,11,9,11,ACG,ACG,3,2.196,172.625
3,37,41,41,12,14,12,14,TTA,TTA,3,2.196,172.625
3,37,41,41,15,17,15,17,GCT,GCT,3,2.196,172.625
3,37,41,41,18,20,18,20,AGC,AGC,3,2.196,172.625
3,37,41,41,21,23,21,23,GTA,GTA,3,2.196,172.625
3,37,41,41,24,26,24,26,GCT,GCT,3,2.196,172.625
3,37,41,41,27,29,27,29,AGC,AGC,3,2.196,172.625
3,37,41,41,30,32,30,32,TAA,TAA,3,2.196,172.625
3,37,41,41,33,35,33,35,CGT,CGT,3,2.196,172.625
3,37,41,41,36,38,36,38,TAG,TAG,3,2.196,172.625
3,38,42,42,0,2,0,2,TAC,TAC,3,2.209,178.625
3,38,42,42,3,5,3,5,GTT,GTT,3,2.209,178.625
3,38,42,42,6,8,6,8,AGC,AGC,3,2.209,178.625
3,38,42,42,9,11,9,11,TAG,TAG,3,2.209,178.625
3,38,42,42,12,14,12,14,CGT,CGT,3,2.209,178.625
3,38,42,42,15,17,15,17,ACG,ACG,3,2.209,178.625
3,38,42,42,18,20,18,20,TTA,TTA,3,2.209,178.625
3,38,42,42,21,23,21,23,GCT,GCT,3,2.209,178.625
3,38,42,42,24,26,24,26,AGC,AGC,3,2.209,178.625
3,38,42,42,27,29,27,29,TAA,TAA,3,2.209,178.625
3,38,42,42,30,32,30,32,CGT,CGT,3,2.209,178.625
3,38,42,42,33,35,33,35,TAG,TAG,3,2.209,178.625
3,38,42,42,36,38,36,38,CTA,CTA,3,2.209,178.625
3,38,42,42,39,41,39,41,GCT,GCA,2,2.209,178.625
3,39,43,43,0,2,0,2,ATC,ATC,3,2.317,187.898
3,39,43,43,3,5,3,5,GTA,GTA,3,2.317,187.898
3,39,43,43,6,8,6,8,GCT,GCT,3,2.317,187.898
3,39,43,43,9,11,9,11,AAC,AAC,3,2.317,187.898
3,39,43,43,12,14,12,14,GTT,GTT,3,2.317,187.898
3,39,43,43,15,17,15,17,AGC,AGC,3,2.317,187.898
3,39,43,43,18,20,18,20,TAG,TAG,3,2.317,187.898
3,39,43,43,21,23,21,23,CTA,CTA,3,2.317,187.898
3,39,43,43,24,26,24,26,ACG,ACG,3,2.317,187.898
3,39,43,43,27,29,27,29,TTA,TTA,3,2.317,187.898
3,39,43,43,30,32,30,32,GCG,GCG,3,2.317,187.898
3,39,43,43,33,35,33,35,TAC,TAC,3,2.317,187.898
3,39,43,43,36,38,36,38,GTT,GTT,3,2.317,187.898
3,39,43,43,39,41,39,41,AGC,AGC,3,2.317,187.898
3,40,44,44,0,2,0,2,GGA,GGA,3,2.754,194.883
3,40,44,44,3,5,3,5,TCC,TCC,3,2.754,194.883
3,40,44,44,6,8,6,8,GTA,GTA,3,2.754,194.883
3,40,44,44,9,11,9,11,GCT,GCT,3,2.754,194.883
3,40,44,44,12,14,12,14,TAC,TAC,3,2.754,194.883
3,40,44,44,15,17,15,17,GTT,GTT,3,2.754,194.883
3,40,44,44,18,20,18,20,ACG,ACG,3,2.754,194.883
3,40,44,44,21,23,21,23,ATC,ATC,3,2.754,194.883
3,40,44,44,24,26,24,26,GTA,GTA,3,2.754,194.883
3,40,44,44,27,29,27,29,GCT,GCT,3,2.754,194.883
3,40,44,44,30,32,30,32,AGC,AGC,3,2.754,194.883
3,40,44,44,33,35,33,35,TAA,TAA,3,2.754,194.883
3,40,44,44,36,38,36,38,CGT,CGT,3,2.754,194.883
3,40,44,44,39,41,39,41,TAG,TAG,3,2.754,194.883
3,41,45,45,0,2,0,2,TGC,TGC,3,2.766,198.094
3,41,45,45,3,5,3,5,ATG,ATG,3,2.766,198.094
3,41,45,45,6,8,6,8,ACT,ACT,3,2.766,198.094
3,41,45,45,9,11,9,11,GAC,GAC,3,2.766,198.094
3,41,45,45,12,14,12,14,TGA,TGA,3,2.766,198.094
3,41,45,45,15,17,15,17,CTG,CTG,3,2.766,198.094
3,41,45,45,18,20,18,20,ACT,ACT,3,2.766,198.094
3,41,45,45,21,23,21,23,GAC,GAC,3,2.766,198.094
3,41,45,45,24,26,24,26,TGA,TGA,3,2.766,198.094
3,41,45,45,27,29,27,29,CTG,CTG,3,2.766,198.094
3,41,45,45,30,32,30,32,ACT,ACT,3,2.766,198.094
3,41,45,45,33,35,33,35,GAC,GAC,3,2.766,198.094
3,41,45,45,36,38,36,38,TGA,TGA,3,2.766,198.094
3,41,45,45,39,41,39,41,CTG,CTG,3,2.766,198.094
3,41,45,45,42,44,42,44,ACT,ATA,1,2.766,198.094
3,42,46,47,0,2,0,2,ATG,ATG,3,2.460,223.914
3,42,46,47,3,5,3,5,CGT,CGT,3,2.460,223.914
3,42,46,47,6,8,6,8,TAA,TAA,3,2.460,223.914
3,42,46,47,9,11,9,11,TGC,TGC,3,2.460,223.914
3,42,46,47,12,14,12,14,GTT,GTT,3,2.460,223.914
3,42,46,47,15,17,15,17,AAT,AAT,3,2.460,223.914
3,42,46,47,18,20,18,20,GCG,GCG,3,2.460,223.914
3,42,46,47,21,23,21,23,TTA,TTA,3,2.460,223.914
3,42,46,47,24,26,24,26,ATG,ATG,3,2.460,223.914
3,42,46,47,27,29,27,29,CGT,CGT,3,2.460,223.914
3,42,46,47,30,32,30,32,TAA,TAA,3,2.460,223.914
3,42,46,47,33,35,33,35,TGC,TGC,3,2.460,223.914
3,42,46,47,36,38,36,38,GTT,GTT,3,2.460,223.914
3,42,46,47,39,41,39,41,AAT,AAT,3,2.460,223.914
3,42,46,47,42,44,42,44,GCG,GCG,3,2.460,223.914
3,43,47,47,0,2,0,2,GAT,GAT,3,2.858,222.383
3,43,47,47,3,5,3,5,TAC,TAC,3,2.858,222.383
3,43,47,47,6,8,6,8,AGG,AGG,3,2.858,222.383
3,43,47,47,9,11,9,11,CTT,CTT,3,2.858,222.383
3,43,47,47,12,14,12,14,ACG,ACG,3,2.858,222.383
3,43,47,47,15,17,15,17,AAT,AAT,3,2.858,222.383
3,43,47,47,18,20,18,20,CGT,CGT,3,2.858,222.383
3,43,47,47,21,23,21,23,ACG,ACG,3,2.858,222.383
3,43,47,47,24,26,24,26,TTA,TTA,3,2.858,222.383
3,43,47,47,27,29,27,29,GCT,GCT,3,2.858,222.383
3,43,47,47,30,32,30,32,AGC,AGC,3,2.858,222.383
3,43,47,47,33,35,33,35,TAA,TAA,3,2.858,222.383
3,43,47,47,36,38,36,38,CGT,CGT,3,2.858,222.383
3,43,47,47,39,41,39,41,TAG,TAG,3,2.858,222.383
3,43,47,47,42,44,42,44,CTA,CTA,3,2.858,222.383
3,44,47,48,0,2,0,2,CGT,CGT,3,2.445,229.023
3,44,47,48,3,5,3,5,ACG,ACG,3,2.445,229.023
3,44,47,48,6,8,6,8,TTA,TTA,3,2.445,229.023
3,44,47,48,9,11,9,11,GCT,GCT,3,2.445,229.023
3,44,47,48,12,14,12,14,AGC,AGC,3,2.445,229.023
3,44,47,48,15,17,15,17,TAA,TAA,3,2.445,229.023
3,44,47,48,18,20,18,20,CGT,CGT,3,2.445,229.023
3,44,47,48,21,23,21,23,AGC,AGC,3,2.445,229.023
3,44,47,48,24,26,24,26,TAG,TAG,3,2.445,229.023
3,44,47,48,27,29,27,29,CTA,CTA,3,2.445,229.023
3,44,47,48,30,32,30,32,ACG,ACG,3,2.445,229.023
3,44,47,48,33,35,33,35,TTA,TTA,3,2.445,229.023
3,44,47,48,36,38,36,38,GCT,GCT,3,2.445,229.023
3,44,47,48,39,41,39,41,AGC,AGC,3,2.445,229.023
3,44,47,48,42,44,42,44,TAA,TAA,3,2.445,229.023
3,45,47,48,0,2,0,2,TGC,TGC,3,2.399,226.672
3,45,47,48,3,5,3,5,ATG,ATG,3,2.399,226.672
3,45,47,48,6,8,6,8,ACT,ACT,3,2.399,226.672
3,45,47,48,9,11,9,11,GAC,GAC,3,2.399,226.672
3,45,47,48,12,14,12,14,TGA,TGA,3,2.399,226.672
3,45,47,48,15,17,15,17,CAG,CAG,3,2.399,226.672
3,45,47,48,18,20,18,20,ACT,ACT,3,2.399,226.672
3,45,47,48,21,23,21,23,GAC,GAC,3,2.399,226.672
3,45,47,48,24,26,24,26,TGA,TGA,3,2.399,226.672
3,45,47,48,27,29,27,29,CTG,CTG,3,2.399,226.672
3,45,47,48,30,32,30,32,ACT,ACT,3,2.399,226.672
3,45,47,48,33,35,33,35,GAC,GAC,3,2.399,226.672
3,45,47,48,36,38,36,38,TGA,TGA,3,2.399,226.672
3,45,47,48,39,41,39,41,CTG,CTG,3,2.399,226.672
3,45,47,48,42,44,42,44,ACT,ACT,3,2.399,226.672
3,46,48,48,0,2,0,2,ATG,ATG,3,3.135,227.195
3,46,48,48,3,5,3,5,CGT,CGT,3,3.135,227.195
3,46,48,48,6,8,6,8,ACG,ACG,3,3.135,227.195
3,46,48,48,9,11,9,11,TTA,TTA,3,3.135,227.195
3,46,48,48,12,14,12,14,GCG,GCG,3,3.135,227.195
3,46,48,48,15,17,15,17,TAC,TAC,3,3.135,227.195
3,46,48,48,18,20,18,20,GTT,GTT,3,3.135,227.195
3,46,48,48,21,23,21,23,AGC,AGC,3,3.135,227.195
3,46,48,48,24,26,24,26,GTA,GTA,3,3.135,227.195
3,46,48,48,27,29,27,29,CGT,CGT,3,3.135,227.195
3,46,48,48,30,32,30,32,TAG,TAG,3,3.135,227.195
3,46,48,48,33,35,33,35,CGT,CGT,3,3.135,227.195
3,46,48,48,36,38,36,38,ACG,ACG,3,3.135,227.195
3,46,48,48,39,41,39,41,TTA,TTA,3,3.135,227.195
3,46,48,48,42,44,42,44,GCG,GCG,3,3.135,227.195
3,46,48,48,45,47,45,47,TAC,TAT,2,3.135,227.195
3,47,49,49,0,2,0,2,CGT,CGT,3,3.580,237.219
3,47,49,49,3,5,3,5,AGC,AGC,3,3.580,237.219
3,47,49,49,6,8,6,8,TAG,TAG,3,3.580,237.219
3,47,49,49,9,11,9,11,CTA,CTA,3,3.580,237.219
3,47,49,49,12,14,12,14,ACG,ACG,3,3.580,237.219
3,47,49,49,15,17,15,17,TTA,TTA,3,3.580,237.219
3,47,49,49,18,20,18,20,CGA,CGA,3,3.580,237.219
3,47,49,49,21,23,21,23,TCG,TCG,3,3.580,237.219
3,47,49,49,24,26,24,26,TAG,TAG,3,3.580,237.219
3,47,49,49,27,29,27,29,CTA,CTA,3,3.580,237.219
3,47,49,49,30,32,30,32,GCT,GCT,3,3.580,237.219
3,47,49,49,33,35,33,35,AAC,AAC,3,3.580,237.219
3,47,49,49,36,38,36,38,GTT,GTT,3,3.580,237.219
3,47,49,49,39,41,39,41,AGC,AGC,3,3.580,237.219
3,47,49,49,42,44,42,44,TAG,TAG,3,3.580,237.219
3,47,49,49,45,47,45,47,CTA,CTA,3,3.580,237.219
3,48,49,49,0,2,0,2,GCT,GCT,3,2.849,235.148
3,48,49,49,3,5,3,5,AGC,AGC,3,2.849,235.148
3,48,49,49,6,8,6,8,GTA,GTA,3,2.849,235.148
3,48,49,49,9,11,9,11,CGT,CGT,3,2.849,235.148
3,48,49,49,12,14,12,14,AGC,AGC,3,2.849,235.148
3,48,49,49,15,17,15,17,TAG,TAG,3,2.849,235.148
3,48,49,49,18,20,18,20,CTA,CTA,3,2.849,235.148
3,48,49,49,21,23,21,23,ACG,ACG,3,2.849,235.148
3,48,49,49,24,26,24,26,TTA,TTA,3,2.849,235.148
3,48,49,49,27,29,27,29,GCT,GCT,3,2.849,235.148
3,48,49,49,30,32,30,32,AGC,AGC,3,2.849,235.148
3,48,49,49,33,35,33,35,TAA,TAA,3,2.849,235.148
3,48,49,49,36,38,36,38,CGT,CGT,3,2.849,235.148
3,48,49,49,39,41,39,41,TAG,TAG,3,2.849,235.148
3,48,49,49,42,44,42,44,CTA,CTA,3,2.849,235.148
3,48,49,49,45,47,45,47,GCT,GCT,3,2.849,235.148
3,49,49,49,0,2,0,2,TAC,TAC,3,2.751,236.617
3,49,49,49,3,5,3,5,GTT,GTT,3,2.751,236.617
3,49,49,49,6,8,6,8,AGC,AGC,3,2.751,236.617
3,49,49,49,9,11,9,11,TAG,TAG,3,2.751,236.617
3,49,49,49,12,14,12,14,CTA,CTA,3,2.751,236.617
3,49,49,49,15,17,15,17,GCG,GCG,3,2.751,236.617
3,49,49,49,18,20,18,20,TTA,TTA,3,2.751,236.617
3,49,49,49,21,23,21,23,ATC,ATC,3,2.751,236.617
3,49,49,49,24,26,24,26,GTA,GTA,3,2.751,236.617
3,49,49,49,27,29,27,29,GCT,GCT,3,2.751,236.617
3,49,49,49,30,32,30,32,AAC,AAC,3,2.751,236.617
3,49,49,49,33,35,33,35,GTT,GTT,3,2.751,236.617
3,49,49,49,36,38,36,38,AGC,AGC,3,2.751,236.617
3,49,49,49,39,41,39,41,TAG,TAG,3,2.751,236.617
3,49,49,49,42,44,42,44,CTA,CTA,3,2.751,236.617
3,49,49,49,45,47,45,47,ACG,ACG,3,2.751,236.617
3,50,50,50,0,2,0,2,GGC,GGC,3,2.828,246.883
3,50,50,50,3,5,3,5,TTA,TTA,3,2.828,246.883
3,50,50,50,6,8,6,8,CGA,CGA,3,2.828,246.883
3,50,50,50,9,11,9,11,TCG,TCG,3,2.828,246.883
3,50,50,50,12,14,12,14,TAG,TAG,3,2.828,246.883
3,50,50,50,15,17,15,17,CTA,CTA,3,2.828,246.883
3,50,50,50,18,20,18,20,GCA,GCA,3,2.828,246.883
3,50,50,50,21,23,21,23,GTT,GTT,3,2.828,246.883
3,50,50,50,24,26,24,26,AGC,AGC,3,2.828,246.883
3,50,50,50,27,29,27,29,TAA,TAA,3,2.828,246.883
3,50,50,50,30,32,30,32,CGT,CGT,3,2.828,246.883
3,50,50,50,33,35,33,35,TAG,TAG,3,2.828,246.883
3,50,50,50,36,38,36,38,CTA,CTA,3,2.828,246.883
3,50,50,50,39,41,39,41,GCT,GCT,3,2.828,246.883
3,50,50,50,42,44,42,44,AAC,AAC,3,2.828,246.883
3,50,50,50,45,47,45,47,GTT,GTT,3,2.828,246.883
4,1,10,10,0,3,0,3,ATGC,ATGC,4,2.452,10.508
4,1,10,10,4,7,4,7,TACG,TACG,4,2.452,10.508
4,2,13,13,0,3,0,3,GATT,GATT,4,2.121,14.047
4,2,13,13,4,7,4,7,ACAG,ACAG,4,2.121,14.047
4,2,13,13,8,11,8,11,GCTT,GCTT,4,2.121,14.047
4,3,15,15,0,3,0,3,TGCA,TGCA,4,2.048,21.070
4,3,15,15,4,7,4,7,TGAC,TGAC,4,2.048,21.070
4,3,15,15,8,11,8,11,TGAC,TGAC,4,2.048,21.070
4,4,17,17,0,3,0,3,ATCG,ATCG,4,2.030,27.352
4,4,17,17,4,7,4,7,TAGC,TAGC,4,2.030,27.352
4,4,17,17,8,11,8,11,TAGC,TAGC,4,2.030,27.352
4,4,17,17,12,15,12,15,TAGC,TAGC,4,2.030,27.352
4,5,20,20,0,3,0,3,GGAT,GGAT,4,2.136,38.656
4,5,20,20,4,7,4,7,CCGT,CCGT,4,2.136,38.656
4,5,20,20,8,11,8,11,AGCT,AGCT,4,2.136,38.656
4,5,20,20,12,15,12,15,AGCT,AGCT,4,2.136,38.656
4,5,20,20,16,19,16,19,TACG,TACC,3,2.136,38.656
4,6,22,23,0,3,0,3,ATGC,ATGC,4,2.199,48.578
4,6,22,23,4,7,4,7,GTTA,GTTA,4,2.199,48.578
4,6,22,23,8,11,8,11,ATGC,ATGC,4,2.199,48.578
4,6,22,23,12,15,12,15,GTTA,GTTA,4,2.199,48.578
4,6,22,23,16,19,16,19,ATGC,ATGC,4,2.199,48.578
4,7,22,23,0,3,0,3,GATT,GATT,4,2.245,48.578
4,7,22,23,4,7,4,7,ACAG,ACAG,4,2.245,48.578
4,7,22,23,8,11,8,11,GCTT,GCTT,4,2.245,48.578
4,7,22,23,12,15,12,15,ACGA,ACGA,4,2.245,48.578
4,7,22,23,16,19,16,19,ATCG,ATCG,4,2.245,48.578
4,8,22,22,0,3,0,3,CGTA,CGTA,4,2.267,43.828
4,8,22,22,4,7,4,7,CGTT,CGTT,4,2.267,43.828
4,8,22,22,8,11,8,11,AGCT,AGCT,4,2.267,43.828
4,8,22,22,12,15,12,15,AGCT,AGCT,4,2.267,43.828
4,8,22,22,16,19,16,19,AACG,AACG,4,2.267,43.828
4,9,23,23,0,3,0,3,TGCA,TGCA,4,2.149,52.195
4,9,23,23,4,7,4,7,TGAC,TGAC,4,2.149,52.195
4,9,23,23,8,11,8,11,TGAC,TGAC,4,2.149,52.195
4,9,23,23,12,15,12,15,TGAC,TGAC,4,2.149,52.195
4,9,23,23,16,19,16,19,AGAC,AGAC,4,2.149,52.195
4,10,24,24,0,3,0,3,ATGC,ATGC,4,2.051,54.742
4,10,24,24,4,7,4,7,GTAC,GTAC,4,2.051,54.742
4,10,24,24,8,11,8,11,GTTA,GTTA,4,2.051,54.742
4,10,24,24,12,15,12,15,GCGT,GCGT,4,2.051,54.742
4,10,24,24,16,19,16,19,ACGT,ACGT,4,2.051,54.742
4,10,24,24,20,23,20,23,TAGC,TAGT,3,2.051,54.742
4,11,25,25,0,3,0,3,CGTA,CGTA,4,2.136,58.938
4,11,25,25,4,7,4,7,GCTA,GCTA,4,2.136,58.938
4,11,25,25,8,11,8,11,GCTA,GCTA,4,2.136,58.938
4,11,25,25,12,15,12,15,ACGT,ACGT,4,2.136,58.938
4,11,25,25,16,19,16,19,TACG,TACG,4,2.136,58.938
4,11,25,25,20,23,20,23,ATGC,ATGC,4,2.136,58.938
4,12,25,25,0,3,0,3,GCTA,GCTA,4,1.999,58.938
4,12,25,25,4,7,4,7,GCGT,GCGT,4,1.999,58.938
4,12,25,25,8,11,8,11,ACGT,ACGT,4,1.999,58.938
4,12,25,25,12,15,12,15,AGCT,AGCT,4,1.999,58.938
4,12,25,25,16,19,16,19,AGCT,AGCT,4,1.999,58.938
4,12,25,25,20,23,20,23,AACG,AACG,4,1.999,58.938
4,13,26,26,0,3,0,3,TACG,TACG,4,2.379,65.156
4,13,26,26,4,7,4,7,TTAG,TTAG,4,2.379,65.156
4,13,26,26,8,11,8,11,CTAG,CTAG,4,2.379,65.156
4,13,26,26,12,15,12,15,CTAG,CTAG,4,2.379,65.156
4,13,26,26,16,19,16,19,CGTT,CGTT,4,2.379,65.156
4,13,26,26,20,23,20,23,AATC,AATC,4,2.379,65.156
4,14,26,26,0,3,0,3,GGCT,GGCT,4,2.117,65.156
4,14,26,26,4,7,4,7,TACG,TACG,4,2.117,65.156
4,14,26,26,8,11,8,11,ATCG,ATCG,4,2.117,65.156
4,14,26,26,12,15,12,15,TAGC,TAGC,4,2.117,65.156
4,14,26,26,16,19,16,19,TAGC,TAGC,4,2.117,65.156
4,14,26,26,20,23,20,23,AGTT,AGTT,4,2.117,65.156
4,15,27,27,0,3,0,3,ATCG,ATCG,4,2.132,72.719
4,15,27,27,4,7,4,7,TACG,TACG,4,2.132,72.719
4,15,27,27,8,11,8,11,TTAG,TTAG,4,2.132,72.719
4,15,27,27,12,15,12,15,CTAG,CTAG,4,2.132,72.719
4,15,27,27,16,19,16,19,CTAA,CTAA,4,2.132,72.719
4,15,27,27,20,23,20,23,CGTT,CGTT,4,2.132,72.719
4,16,28,28,0,3,0,3,GATC,GATC,4,2.045,78.914
4,16,28,28,4,7,4,7,GTAG,GTAG,4,2.045,78.914
4,16,28,28,8,11,8,11,CTAG,CTAG,4,2.045,78.914
4,16,28,28,12,15,12,15,CTAG,CTAG,4,2.045,78.914
4,16,28,28,16,19,16,19,CTAA,CTAA,4,2.045,78.914
4,16,28,28,20,23,20,23,CGTT,CGTT,4,2.045,78.914
4,16,28,28,24,27,24,27,ACGA,ACGT,3,2.045,78.914
4,17,28,28,0,3,0,3,TGCA,TGCA,4,2.138,78.906
4,17,28,28,4,7,4,7,TGAC,TGAC,4,2.138,78.906
4,17,28,28,8,11,8,11,TGAC,TGAC,4,2.138,78.906
4,17,28,28,12,15,12,15,TGAC,TGAC,4,2.138,78.906
4,17,28,28,16,19,16,19,TGAC,TGAC,4,2.138,78.906
4,17,28,28,20,23,20,23,GTAG,GTAG,4,2.138,78.906
4,17,28,28,24,27,24,27,CTAG,CTAA,3,2.138,78.906
4,18,29,29,0,3,0,3,CGTA,CGTA,4,2.145,84.063
4,18,29,29,4,7,4,7,CGTA,CGTA,4,2.145,84.063
4,18,29,29,8,11,8,11,GCTA,GCTA,4,2.145,84.063
4,18,29,29,12,15,12,15,GCTA,GCTA,4,2.145,84.063
4,18,29,29,16,19,16,19,GCTA,GCTA,4,2.145,84.063
4,18,29,29,20,23,20,23,ACTG,ACTG,4,2.145,84.063
4,18,29,29,24,27,24,27,ACTG,ACTG,4,2.145,84.063
4,19,30,30,0,3,0,3,GCTT,GCTT,4,2.006,89.219
4,19,30,30,4,7,4,7,AGCG,AGCG,4,2.006,89.219
4,19,30,30,8,11,8,11,TACG,TACG,4,2.006,89.219
4,19,30,30,12,15,12,15,TTAG,TTAG,4,2.006,89.219
4,19,30,30,16,19,16,19,CTAG,CTAG,4,2.006,89.219
4,19,30,30,20,23,20,23,CGTA,CGTA,4,2.006,89.219
4,19,30,30,24,27,24,27,GCTA,GCTA,4,2.006,89.219
4,20,31,31,0,3,0,3,TACG,TACG,4,1.968,93.414
4,20,31,31,4,7,4,7,TTAG,TTAG,4,1.968,93.414
4,20,31,31,8,11,8,11,CTAG,CTAG,4,1.968,93.414
4,20,31,31,12,15,12,15,CGTA,CGTA,4,1.968,93.414
4,20,31,31,16,19,16,19,CGTT,CGTT,4,1.968,93.414
4,20,31,31,20,23,20,23,AGCT,AGCT,4,1.968,93.414
4,20,31,31,24,27,24,27,AGCT,AGCT,4,1.968,93.414
4,21,32,32,0,3,0,3,ATCG,ATCG,4,2.025,103.422
4,21,32,32,4,7,4,7,TAGC,TAGC,4,2.025,103.422
4,21,32,32,8,11,8,11,TAAC,TAAC,4,2.025,103.422
4,21,32,32,12,15,12,15,GTTA,GTTA,4,2.025,103.422
4,21,32,32,16,19,16,19,GCTA,GCTA,4,2.025,103.422
4,21,32,32,20,23,20,23,GCTA,GCTA,4,2.025,103.422
4,21,32,32,24,27,24,27,ACGT,ACGT,4,2.025,103.422
4,21,32,32,28,31,28,31,TAGC,TAGT,3,2.025,103.422
4,22,32,32,0,3,0,3,GGAT,GGAT,4,2.316,103.422
4,22,32,32,4,7,4,7,CCGT,CCGT,4,2.316,103.422
4,22,32,32,8,11,8,11,AGCT,AGCT,4,2.316,103.422
4,22,32,32,12,15,12,15,TACG,TACG,4,2.316,103.422
4,22,32,32,16,19,16,19,TTAC,TTAC,4,2.316,103.422
4,22,32,32,20,23,20,23,GATC,GATC,4,2.316,103.422
4,22,32,32,24,27,24,27,GTAG,GTAG,4,2.316,103.422
4,22,32,32,28,31,28,31,CTAG,CTAA,3,2.316,103.422
4,23,32,32,0,3,0,3,TGCA,TGCA,4,2.029,103.422
4,23,32,32,4,7,4,7,TGAC,TGAC,4,2.029,103.422
4,23,32,32,8,11,8,11,TGAC,TGAC,4,2.029,103.422
4,23,32,32,12,15,12,15,TGAC,TGAC,4,2.029,103.422
4,23,32,32,16,19,16,19,TGAC,TGAC,4,2.029,103.422
4,23,32,32,20,23,20,23,TGAC,TGAC,4,2.029,103.422
4,23,32,32,24,27,24,27,TGAC,TGAC,4,2.029,103.422
4,23,32,32,28,31,28,31,TGAC,TGAT,3,2.029,103.422
4,24,32,32,0,3,0,3,ATGC,ATGC,4,1.978,105.438
4,24,32,32,4,7,4,7,GTTA,GTTA,4,1.978,105.438
4,24,32,32,8,11,8,11,ATGC,ATGC,4,1.978,105.438
4,24,32,32,12,15,12,15,GTTA,GTTA,4,1.978,105.438
4,24,32,32,16,19,16,19,ATGC,ATGC,4,1.978,105.438
4,24,32,32,20,23,20,23,GTTA,GTTA,4,1.978,105.438
4,24,32,32,24,27,24,27,ATGC,ATGC,4,1.978,105.438
4,24,32,32,28,31,28,31,GTTA,GTTG,3,1.978,105.438
4,25,33,33,0,3,0,3,GATT,GATT,4,1.959,111.633
4,25,33,33,4,7,4,7,ACAG,ACAG,4,1.959,111.633
4,25,33,33,8,11,8,11,GCTT,GCTT,4,1.959,111.633
4,25,33,33,12,15,12,15,ACGA,ACGA,4,1.959,111.633
4,25,33,33,16,19,16,19,ATCG,ATCG,4,1.959,111.633
4,25,33,33,20,23,20,23,TACG,TACG,4,1.959,111.633
4,25,33,33,24,27,24,27,TTAG,TTAG,4,1.959,111.633
4,25,33,33,28,31,28,31,CTAG,CTAG,4,1.959,111.633
4,26,33,34,0,3,0,3,CGTA,CGTA,4,1.958,112.219
4,26,33,34,4,7,4,7,CGTT,CGTT,4,1.958,112.219
4,26,33,34,8,11,8,11,AGCT,AGCT,4,1.958,112.219
4,26,33,34,12,15,12,15,AGCT,AGCT,4,1.958,112.219
4,26,33,34,16,19,16,19,AACG,AACG,4,1.958,112.219
4,26,33,34,20,23,20,23,TAGC,TAGC,4,1.958,112.219
4,26,33,34,24,27,24,27,TAGC,TAGC,4,1.958,112.219
4,26,33,34,28,31,28,31,TAAC,TAAC,4,1.958,112.219
4,27,34,35,0,3,0,3,TGCA,TGCA,4,1.939,118.961
4,27,34,35,4,7,4,7,TGAC,TGAC,4,1.939,118.961
4,27,34,35,8,11,8,11,TGAC,TGAC,4,1.939,118.961
4,27,34,35,12,15,12,15,TGAC,TGAC,4,1.939,118.961
4,27,34,35,16,19,16,19,AGAC,AGAC,4,1.939,118.961
4,27,34,35,20,23,20,23,TGAC,TGAC,4,1.939,118.961
4,27,34,35,24,27,24,27,TGAC,TGAC,4,1.939,118.961
4,27,34,35,28,31,28,31,TGAC,TGAC,4,1.939,118.961
4,28,34,35,0,3,0,3,ATGC,ATGC,4,1.980,120.977
4,28,34,35,4,7,4,7,GTAC,GTAC,4,1.980,120.977
4,28,34,35,8,11,8,11,GTTA,GTTA,4,1.980,120.977
4,28,34,35,12,15,12,15,GCGT,GCGT,4,1.980,120.977
4,28,34,35,16,19,16,19,ACGT,ACGT,4,1.980,120.977
4,28,34,35,20,23,20,23,TAGC,TAGC,4,1.980,120.977
4,28,34,35,24,27,24,27,GTAC,GTAC,4,1.980,120.977
4,28,34,35,28,31,28,31,GTTA,GTTA,4,1.980,120.977
4,29,35,35,0,3,0,3,CGTA,CGTA,4,1.948,124.578
4,29,35,35,4,7,4,7,GCTA,GCTA,4,1.948,124.578
4,29,35,35,8,11,8,11,GCTA,GCTA,4,1.948,124.578
4,29,35,35,12,15,12,15,ACGT,ACGT,4,1.948,124.578
4,29,35,35,16,19,16,19,TACG,TACG,4,1.948,124.578
4,29,35,35,20,23,20,23,ATCG,ATCG,4,1.948,124.578
4,29,35,35,24,27,24,27,TAGC,TAGC,4,1.948,124.578
4,29,35,35,28,31,28,31,TAGC,TAGC,4,1.948,124.578
4,30,35,35,0,3,0,3,GCTA,GCTA,4,2.060,122.563
4,30,35,35,4,7,4,7,GCGT,GCGT,4,2.060,122.563
4,30,35,35,8,11,8,11,ACGT,ACGT,4,2.060,122.563
4,30,35,35,12,15,12,15,AGCT,AGCT,4,2.060,122.563
4,30,35,35,16,19,16,19,AGCT,AGCT,4,2.060,122.563
4,30,35,35,20,23,20,23,AACG,AACG,4,2.060,122.563
4,30,35,35,24,27,24,27,TTAG,TTAG,4,2.060,122.563
4,30,35,35,28,31,28,31,CTAG,CTAG,4,2.060,122.563
4,31,36,36,0,3,0,3,TACG,TACG,4,2.046,131.891
4,31,36,36,4,7,4,7,TTAG,TTAG,4,2.046,131.891
4,31,36,36,8,11,8,11,CTAG,CTAG,4,2.046,131.891
4,31,36,36,12,15,12,15,CTAG,CTAG,4,2.046,131.891
4,31,36,36,16,19,16,19,CGTT,CGTT,4,2.046,131.891
4,31,36,36,20,23,20,23,AATC,AATC,4,2.046,131.891
4,31,36,36,24,27,24,27,GTAG,GTAG,4,2.046,131.891
4,31,36,36,28,31,28,31,CTAA,CTAA,4,2.046,131.891
4,31,36,36,32,35,32,35,CGTT,CGTA,3,2.046,131.891
4,32,36,36,0,3,0,3,GGCT,GGCT,4,2.029,131.891
4,32,36,36,4,7,4,7,TACG,TACG,4,2.029,131.891
4,32,36,36,8,11,8,11,ATCG,ATCG,4,2.029,131.891
4,32,36,36,12,15,12,15,TAGC,TAGC,4,2.029,131.891
4,32,36,36,16,19,16,19,TAGC,TAGC,4,2.029,131.891
4,32,36,36,20,23,20,23,AGTT,AGTT,4,2.029,131.891
4,32,36,36,24,27,24,27,AGCT,AGCT,4,2.029,131.891
4,32,36,36,28,31,28,31,AACG,AACG,4,2.029,131.891
4,32,36,36,32,35,32,35,TTAG,TTAT,3,2.029,131.891
4,33,37,37,0,3,0,3,ATCG,ATCG,4,1.982,137.055
4,33,37,37,4,7,4,7,TACG,TACG,4,1.982,137.055
4,33,37,37,8,11,8,11,TTAG,TTAG,4,1.982,137.055
4,33,37,37,12,15,12,15,CTAG,CTAG,4,1.982,137.055
4,33,37,37,16,19,16,19,CTAA,CTAA,4,1.982,137.055
4,33,37,37,20,23,20,23,CGTT,CGTT,4,1.982,137.055
4,33,37,37,24,27,24,27,AGCG,AGCG,4,1.982,137.055
4,33,37,37,28,31,28,31,TAGC,TAGC,4,1.982,137.055
4,33,37,37,32,35,32,35,TAAC,TAAC,4,1.982,137.055
4,34,38,38,0,3,0,3,GATC,GATC,4,2.013,145.695
4,34,38,38,4,7,4,7,GTAG,GTAG,4,2.013,145.695
4,34,38,38,8,11,8,11,CTAG,CTAG,4,2.013,145.695
4,34,38,38,12,15,12,15,CTAG,CTAG,4,2.013,145.695
4,34,38,38,16,19,16,19,CTAA,CTAA,4,2.013,145.695
4,34,38,38,20,23,20,23,CGTT,CGTT,4,2.013,145.695
4,34,38,38,24,27,24,27,ACGT,ACGT,4,2.013,145.695
4,34,38,38,28,31,28,31,TAGC,TAGC,4,2.013,145.695
4,34,38,38,32,35,32,35,TAGC,TAGC,4,2.013,145.695
4,35,39,39,0,3,0,3,TGCA,TGCA,4,2.012,156.805
4,35,39,39,4,7,4,7,TGAC,TGAC,4,2.012,156.805
4,35,39,39,8,11,8,11,TGAC,TGAC,4,2.012,156.805
4,35,39,39,12,15,12,15,TGAC,TGAC,4,2.012,156.805
4,35,39,39,16,19,16,19,TGAC,TGAC,4,2.012,156.805
4,35,39,39,20,23,20,23,GTAG,GTAG,4,2.012,156.805
4,35,39,39,24,27,24,27,CTAG,CTAG,4,2.012,156.805
4,35,39,39,28,31,28,31,CTAA,CTAA,4,2.012,156.805
4,35,39,39,32,35,32,35,CGTT,CGTT,4,2.012,156.805
4,36,40,40,0,3,0,3,CGTA,CGTA,4,2.078,162.422
4,36,40,40,4,7,4,7,CGTA,CGTA,4,2.078,162.422
4,36,40,40,8,11,8,11,GCTA,GCTA,4,2.078,162.422
4,36,40,40,12,15,12,15,GCTA,GCTA,4,2.078,162.422
4,36,40,40,16,19,16,19,GCTA,GCTA,4,2.078,162.422
4,36,40,40,20,23,20,23,ACTG,ACTG,4,2.078,162.422
4,36,40,40,24,27,24,27,ACTG,ACTG,4,2.078,162.422
4,36,40,40,28,31,28,31,ACTG,ACTG,4,2.078,162.422
4,36,40,40,32,35,32,35,ACTG,ACTG,4,2.078,162.422
4,36,40,40,36,39,36,39,ACTG,ACTA,3,2.078,162.422
4,37,41,41,0,3,0,3,GCTT,GCTT,4,2.158,168.219
4,37,41,41,4,7,4,7,AGCG,AGCG,4,2.158,168.219
4,37,41,41,8,11,8,11,TACG,TACG,4,2.158,168.219
4,37,41,41,12,15,12,15,TTAG,TTAG,4,2.158,168.219
4,37,41,41,16,19,16,19,CTAG,CTAG,4,2.158,168.219
4,37,41,41,20,23,20,23,CGTA,CGTA,4,2.158,168.219
4,37,41,41,24,27,24,27,GCTA,GCTA,4,2.158,168.219
4,37,41,41,28,31,28,31,GCTA,GCTA,4,2.158,168.219
4,37,41,41,32,35,32,35,ACGT,ACGT,4,2.158,168.219
4,37,41,41,36,39,36,39,TAGC,TAGC,4,2.158,168.219
4,38,42,42,0,3,0,3,TACG,TACG,4,2.088,176.734
4,38,42,42,4,7,4,7,TTAG,TTAG,4,2.088,176.734
4,38,42,42,8,11,8,11,CTAG,CTAG,4,2.088,176.734
4,38,42,42,12,15,12,15,CGTA,CGTA,4,2.088,176.734
4,38,42,42,16,19,16,19,CGTT,CGTT,4,2.088,176.734
4,38,42,42,20,23,20,23,AGCT,AGCT,4,2.088,176.734
4,38,42,42,24,27,24,27,AGCT,AGCT,4,2.088,176.734
4,38,42,42,28,31,28,31,AACG,AACG,4,2.088,176.734
4,38,42,42,32,35,32,35,TTAG,TTAG,4,2.088,176.734
4,38,42,42,36,39,36,39,CTAG,CTAG,4,2.088,176.734
4,39,43,43,0,3,0,3,ATCG,ATCG,4,2.081,181.180
4,39,43,43,4,7,4,7,TAGC,TAGC,4,2.081,181.180
4,39,43,43,8,11,8,11,TAAC,TAAC,4,2.081,181.180
4,39,43,43,12,15,12,15,GTTA,GTTA,4,2.081,181.180
4,39,43,43,16,19,16,19,GCTA,GCTA,4,2.081,181.180
4,39,43,43,20,23,20,23,GCTA,GCTA,4,2.081,181.180
4,39,43,43,24,27,24,27,ACGT,ACGT,4,2.081,181.180
4,39,43,43,28,31,28,31,TAGC,TAGC,4,2.081,181.180
4,39,43,43,32,35,32,35,GTAC,GTAC,4,2.081,181.180
4,39,43,43,36,39,36,39,GTTA,GTTA,4,2.081,181.180
4,40,44,44,0,3,0,3,GGAT,GGAT,4,2.292,186.930
4,40,44,44,4,7,4,7,CCGT,CCGT,4,2.292,186.930
4,40,44,44,8,11,8,11,AGCT,AGCT,4,2.292,186.930
4,40,44,44,12,15,12,15,TACG,TACG,4,2.292,186.930
4,40,44,44,16,19,16,19,TTAC,TTAC,4,2.292,186.930
4,40,44,44,20,23,20,23,GATC,GATC,4,2.292,186.930
4,40,44,44,24,27,24,27,GTAG,GTAG,4,2.292,186.930
4,40,44,44,28,31,28,31,CTAG,CTAG,4,2.292,186.930
4,40,44,44,32,35,32,35,CTAA,CTAA,4,2.292,186.930
4,40,44,44,36,39,36,39,CGTT,CGTT,4,2.292,186.930
4,40,44,44,40,43,40,43,AGCT,AGCA,3,2.292,186.930
4,41,45,45,0,3,0,3,TGCA,TGCA,4,2.109,192.711
4,41,45,45,4,7,4,7,TGAC,TGAC,4,2.109,192.711
4,41,45,45,8,11,8,11,TGAC,TGAC,4,2.109,192.711
4,41,45,45,12,15,12,15,TGAC,TGAC,4,2.109,192.711
4,41,45,45,16,19,16,19,TGAC,TGAC,4,2.109,192.711
4,41,45,45,20,23,20,23,TGAC,TGAC,4,2.109,192.711
4,41,45,45,24,27,24,27,TGAC,TGAC,4,2.109,192.711
4,41,45,45,28,31,28,31,TGAC,TGAC,4,2.109,192.711
4,41,45,45,32,35,32,35,TGAC,TGAC,4,2.109,192.711
4,41,45,45,36,39,36,39,TGAC,TGAC,4,2.109,192.711
4,41,45,45,40,43,40,43,TGAC,TGAT,3,2.109,192.711
4,42,46,47,0,3,0,3,ATGC,ATGC,4,2.081,218.453
4,42,46,47,4,7,4,7,GTTA,GTTA,4,2.081,218.453
4,42,46,47,8,11,8,11,ATGC,ATGC,4,2.081,218.453
4,42,46,47,12,15,12,15,GTTA,GTTA,4,2.081,218.453
4,42,46,47,16,19,16,19,ATGC,ATGC,4,2.081,218.453
4,42,46,47,20,23,20,23,GTTA,GTTA,4,2.081,218.453
4,42,46,47,24,27,24,27,ATGC,ATGC,4,2.081,218.453
4,42,46,47,28,31,28,31,GTTA,GTTA,4,2.081,218.453
4,42,46,47,32,35,32,35,ATGC,ATGC,4,2.081,218.453
4,42,46,47,36,39,36,39,GTTA,GTTA,4,2.081,218.453
4,42,46,47,40,43,40,43,ATGC,ATGC,4,2.081,218.453
4,43,47,47,0,3,0,3,GATT,GATT,4,2.089,220.320
4,43,47,47,4,7,4,7,ACAG,ACAG,4,2.089,220.320
4,43,47,47,8,11,8,11,GCTT,GCTT,4,2.089,220.320
4,43,47,47,12,15,12,15,ACGA,ACGA,4,2.089,220.320
4,43,47,47,16,19,16,19,ATCG,ATCG,4,2.089,220.320
4,43,47,47,20,23,20,23,TACG,TACG,4,2.089,220.320
4,43,47,47,24,27,24,27,TTAG,TTAG,4,2.089,220.320
4,43,47,47,28,31,28,31,CTAG,CTAG,4,2.089,220.320
4,43,47,47,32,35,32,35,CTAA,CTAA,4,2.089,220.320
4,43,47,47,36,39,36,39,CGTT,CGTT,4,2.089,220.320
4,43,47,47,40,43,40,43,AGCT,AGCT,4,2.089,220.320
4,44,47,48,0,3,0,3,CGTA,CGTA,4,2.367,222.484
4,44,47,48,4,7,4,7,CGTT,CGTT,4,2.367,222.484
4,44,47,48,8,11,8,11,AGCT,AGCT,4,2.367,222.484
4,44,47,48,12,15,12,15,AGCT,AGCT,4,2.367,222.484
4,44,47,48,16,19,16,19,AACG,AACG,4,2.367,222.484
4,44,47,48,20,23,20,23,TAGC,TAGC,4,2.367,222.484
4,44,47,48,24,27,24,27,TAGC,TAGC,4,2.367,222.484
4,44,47,48,28,31,28,31,TAAC,TAAC,4,2.367,222.484
4,44,47,48,32,35,32,35,GTTA,GTTA,4,2.367,222.484
4,44,47,48,36,39,36,39,GCTA,GCTA,4,2.367,222.484
4,44,47,48,40,43,40,43,GCTA,GCTA,4,2.367,222.484
4,45,47,48,0,3,0,3,TGCA,TGCA,4,2.179,219.539
4,45,47,48,4,7,4,7,TGAC,TGAC,4,2.179,219.539
4,45,47,48,8,11,8,11,TGAC,TGAC,4,2.179,219.539
4,45,47,48,12,15,12,15,TGAC,TGAC,4,2.179,219.539
4,45,47,48,16,19,16,19,AGAC,AGAC,4,2.179,219.539
4,45,47,48,20,23,20,23,TGAC,TGAC,4,2.179,219.539
4,45,47,48,24,27,24,27,TGAC,TGAC,4,2.179,219.539
4,45,47,48,28,31,28,31,TGAC,TGAC,4,2.179,219.539
4,45,47,48,32,35,32,35,TGAC,TGAC,4,2.179,219.539
4,45,47,48,36,39,36,39,TGAC,TGAC,4,2.179,219.539
4,45,47,48,40,43,40,43,TGAC,TGAC,4,2.179,219.539
4,46,48,48,0,3,0,3,ATGC,ATGC,4,2.167,229.445
4,46,48,48,4,7,4,7,GTAC,GTAC,4,2.167,229.445
4,46,48,48,8,11,8,11,GTTA,GTTA,4,2.167,229.445
4,46,48,48,12,15,12,15,GCGT,GCGT,4,2.167,229.445
4,46,48,48,16,19,16,19,ACGT,ACGT,4,2.167,229.445
4,46,48,48,20,23,20,23,TAGC,TAGC,4,2.167,229.445
4,46,48,48,24,27,24,27,GTAC,GTAC,4,2.167,229.445
4,46,48,48,28,31,28,31,GTTA,GTTA,4,2.167,229.445
4,46,48,48,32,35,32,35,GCGT,GCGT,4,2.167,229.445
4,46,48,48,36,39,36,39,ACGT,ACGT,4,2.167,229.445
4,46,48,48,40,43,40,43,TAGC,TAGC,4,2.167,229.445
4,46,48,48,44,47,44,47,GTAC,GTAT,3,2.167,229.445
4,47,49,49,0,3,0,3,CGTA,CGTA,4,2.058,229.695
4,47,49,49,4,7,4,7,GCTA,GCTA,4,2.058,229.695
4,47,49,49,8,11,8,11,GCTA,GCTA,4,2.058,229.695
4,47,49,49,12,15,12,15,ACGT,ACGT,4,2.058,229.695
4,47,49,49,16,19,16,19,TACG,TACG,4,2.058,229.695
4,47,49,49,20,23,20,23,ATCG,ATCG,4,2.058,229.695
4,47,49,49,24,27,24,27,TAGC,TAGC,4,2.058,229.695
4,47,49,49,28,31,28,31,TAGC,TAGC,4,2.058,229.695
4,47,49,49,32,35,32,35,TAAC,TAAC,4,2.058,229.695
4,47,49,49,36,39,36,39,GTTA,GTTA,4,2.058,229.695
4,47,49,49,40,43,40,43,GCTA,GCTA,4,2.058,229.695
4,47,49,49,44,47,44,47,GCTA,GCTA,4,2.058,229.695
4,48,49,49,0,3,0,3,GCTA,GCTA,4,2.070,232.883
4,48,49,49,4,7,4,7,GCGT,GCGT,4,2.070,232.883
4,48,49,49,8,11,8,11,ACGT,ACGT,4,2.070,232.883
4,48,49,49,12,15,12,15,AGCT,AGCT,4,2.070,232.883
4,48,49,49,16,19,16,19,AGCT,AGCT,4,2.070,232.883
4,48,49,49,20,23,20,23,AACG,AACG,4,2.070,232.883
4,48,49,49,24,27,24,27,TTAG,TTAG,4,2.070,232.883
4,48,49,49,28,31,28,31,CTAG,CTAG,4,2.070,232.883
4,48,49,49,32,35,32,35,CTAA,CTAA,4,2.070,232.883
4,48,49,49,36,39,36,39,CGTT,CGTT,4,2.070,232.883
4,48,49,49,40,43,40,43,AGCT,AGCT,4,2.070,232.883
4,48,49,49,44,47,44,47,AGCT,AGCT,4,2.070,232.883
4,49,49,49,0,3,0,3,TACG,TACG,4,2.153,234.922
4,49,49,49,4,7,4,7,TTAG,TTAG,4,2.153,234.922
4,49,49,49,8,11,8,11,CTAG,CTAG,4,2.153,234.922
4,49,49,49,12,15,12,15,CTAG,CTAG,4,2.153,234.922
4,49,49,49,16,19,16,19,CGTT,CGTT,4,2.153,234.922
4,49,49,49,20,23,20,23,AATC,AATC,4,2.153,234.922
4,49,49,49,24,27,24,27,GTAG,GTAG,4,2.153,234.922
4,49,49,49,28,31,28,31,CTAA,CTAA,4,2.153,234.922
4,49,49,49,32,35,32,35,CGTT,CGTT,4,2.153,234.922
4,49,49,49,36,39,36,39,AGCT,AGCT,4,2.153,234.922
4,49,49,49,40,43,40,43,AGCT,AGCT,4,2.153,234.922
4,49,49,49,44,47,44,47,AACG,AACG,4,2.153,234.922
4,50,50,50,0,3,0,3,GGCT,GGCT,4,2.228,239.742
4,50,50,50,4,7,4,7,TACG,TACG,4,2.228,239.742
4,50,50,50,8,11,8,11,ATCG,ATCG,4,2.228,239.742
4,50,50,50,12,15,12,15,TAGC,TAGC,4,2.228,239.742
4,50,50,50,16,19,16,19,TAGC,TAGC,4,2.228,239.742
4,50,50,50,20,23,20,23,AGTT,AGTT,4,2.228,239.742
4,50,50,50,24,27,24,27,AGCT,AGCT,4,2.228,239.742
4,50,50,50,28,31,28,31,AACG,AACG,4,2.228,239.742
4,50,50,50,32,35,32,35,TTAG,TTAG,4,2.228,239.742
4,50,50,50,36,39,36,39,CTAG,CTAG,4,2.228,239.742
4,50,50,50,40,43,40,43,CTAA,CTAA,4,2.228,239.742
4,50,50,50,44,47,44,47,CGTT,CGTT,4,2.228,239.742
5,1,10,10,0,4,0,4,ATGCT,ATGCT,5,2.132,4.867
5,1,10,10,5,9,5,9,ACGTA,ACGTT,4,2.132,4.867
5,2,13,13,0,4,0,4,GATTA,GATTA,5,2.116,13.016
5,2,13,13,5,9,5,9,CAGGC,CAGGC,5,2.116,13.016
5,3,15,15,0,4,0,4,TGCAT,TGCAT,5,2.112,18.484
5,3,15,15,5,9,5,9,GACTG,GACTG,5,2.112,18.484
5,3,15,15,10,14,10,14,ACTGA,ACTGT,4,2.112,18.484
5,4,17,17,0,4,0,4,ATCGT,ATCGT,5,2.062,22.180
5,4,17,17,5,9,5,9,AGCTA,AGCTA,5,2.062,22.180
5,4,17,17,10,14,10,14,GCTAG,GCTAG,5,2.062,22.180
5,5,20,20,0,4,0,4,GGATC,GGATC,5,2.034,33.484
5,5,20,20,5,9,5,9,CGTAG,CGTAG,5,2.034,33.484
5,5,20,20,10,14,10,14,CTAGC,CTAGC,5,2.034,33.484
5,5,20,20,15,19,15,19,TTACG,TTACC,4,2.034,33.484
5,6,22,23,0,4,0,4,ATGCG,ATGCG,5,2.084,43.867
5,6,22,23,5,9,5,9,TTAAT,TTAAT,5,2.084,43.867
5,6,22,23,10,14,10,14,GCGTT,GCGTT,5,2.084,43.867
5,6,22,23,15,19,15,19,AATGC,AATGC,5,2.084,43.867
5,7,22,23,0,4,0,4,GATTA,GATTA,5,2.092,43.867
5,7,22,23,5,9,5,9,CAGGC,CAGGC,5,2.092,43.867
5,7,22,23,10,14,10,14,TTACG,TTACG,5,2.092,43.867
5,7,22,23,15,19,15,19,AATCG,AATCG,5,2.092,43.867
5,8,22,22,0,4,0,4,CGTAC,CGTAC,5,2.101,41.984
5,8,22,22,5,9,5,9,GTTAG,GTTAG,5,2.101,41.984
5,8,22,22,10,14,10,14,CTAGC,CTAGC,5,2.101,41.984
5,8,22,22,15,19,15,19,TAACG,TAACG,5,2.101,41.984
5,9,23,23,0,4,0,4,TGCAT,TGCAT,5,2.154,43.844
5,9,23,23,5,9,5,9,GACTG,GACTG,5,2.154,43.844
5,9,23,23,10,14,10,14,ACTGA,ACTGA,5,2.154,43.844
5,9,23,23,15,19,15,19,CAGAC,CAGAC,5,2.154,43.844
5,10,24,24,0,4,0,4,ATGCG,ATGCG,5,2.042,52.195
5,10,24,24,5,9,5,9,TACGT,TACGT,5,2.042,52.195
5,10,24,24,10,14,10,14,TAGCG,TAGCG,5,2.042,52.195
5,10,24,24,15,19,15,19,TACGT,TACGT,5,2.042,52.195
5,11,25,25,0,4,0,4,CGTAG,CGTAG,5,1.947,54.797
5,11,25,25,5,9,5,9,CTAGC,CTAGC,5,1.947,54.797
5,11,25,25,10,14,10,14,TAACG,TAACG,5,1.947,54.797
5,11,25,25,15,19,15,19,TTACG,TTACG,5,1.947,54.797
5,11,25,25,20,24,20,24,ATGCT,ATGCC,4,1.947,54.797
5,12,25,25,0,4,0,4,GCTAG,GCTAG,5,2.020,54.797
5,12,25,25,5,9,5,9,CGTAC,CGTAC,5,2.020,54.797
5,12,25,25,10,14,10,14,GTAGC,GTAGC,5,2.020,54.797
5,12,25,25,15,19,15,19,TAGCT,TAGCT,5,2.020,54.797
5,12,25,25,20,24,20,24,AACGA,AACGT,4,2.020,54.797
5,13,26,26,0,4,0,4,TACGT,TACGT,5,1.970,58.930
5,13,26,26,5,9,5,9,TAGCT,TAGCT,5,1.970,58.930
5,13,26,26,10,14,10,14,AGCTA,AGCTA,5,1.970,58.930
5,13,26,26,15,19,15,19,GCGTT,GCGTT,5,1.970,58.930
5,13,26,26,20,24,20,24,AATCG,AATCG,5,1.970,58.930
5,14,26,26,0,4,0,4,GGCTT,GGCTT,5,1.988,58.930
5,14,26,26,5,9,5,9,ACGAT,ACGAT,5,1.988,58.930
5,14,26,26,10,14,10,14,CGTAG,CGTAG,5,1.988,58.930
5,14,26,26,15,19,15,19,CTAGC,CTAGC,5,1.988,58.930
5,14,26,26,20,24,20,24,AGTTA,AGTTA,5,1.988,58.930
5,15,27,27,0,4,0,4,ATCGT,ATCGT,5,2.164,65.148
5,15,27,27,5,9,5,9,ACGTT,ACGTT,5,2.164,65.148
5,15,27,27,10,14,10,14,AGCTA,AGCTA,5,2.164,65.148
5,15,27,27,15,19,15,19,GCTAA,GCTAA,5,2.164,65.148
5,15,27,27,20,24,20,24,CGTTA,CGTTA,5,2.164,65.148
5,16,28,28,0,4,0,4,GATCG,GATCG,5,2.116,72.711
5,16,28,28,5,9,5,9,TAGCT,TAGCT,5,2.116,72.711
5,16,28,28,10,14,10,14,AGCTA,AGCTA,5,2.116,72.711
5,16,28,28,15,19,15,19,GCTAA,GCTAA,5,2.116,72.711
5,16,28,28,20,24,20,24,CGTTA,CGTTA,5,2.116,72.711
5,17,28,28,0,4,0,4,TGCAT,TGCAT,5,2.116,72.711
5,17,28,28,5,9,5,9,GACTG,GACTG,5,2.116,72.711
5,17,28,28,10,14,10,14,ACTGA,ACTGA,5,2.116,72.711
5,17,28,28,15,19,15,19,CTGAC,CTGAC,5,2.116,72.711
5,17,28,28,20,24,20,24,GTAGC,GTAGC,5,2.116,72.711
5,18,29,29,0,4,0,4,CGTAC,CGTAC,5,2.123,78.906
5,18,29,29,5,9,5,9,GTAGC,GTAGC,5,2.123,78.906
5,18,29,29,10,14,10,14,TAGCT,TAGCT,5,2.123,78.906
5,18,29,29,15,19,15,19,AGCTA,AGCTA,5,2.123,78.906
5,18,29,29,20,24,20,24,ACTGA,ACTGA,5,2.123,78.906
5,19,30,30,0,4,0,4,GCTTA,GCTTA,5,2.168,84.063
5,19,30,30,5,9,5,9,GCGTA,GCGTA,5,2.168,84.063
5,19,30,30,10,14,10,14,CGTTA,CGTTA,5,2.168,84.063
5,19,30,30,15,19,15,19,GCTAG,GCTAG,5,2.168,84.063
5,19,30,30,20,24,20,24,CGTAG,CGTAG,5,2.168,84.063
5,19,30,30,25,29,25,29,CTAGC,CTAGT,4,2.168,84.063
5,20,31,31,0,4,0,4,TACGT,TACGT,5,2.103,89.219
5,20,31,31,5,9,5,9,TAGCT,TAGCT,5,2.103,89.219
5,20,31,31,10,14,10,14,AGCGT,AGCGT,5,2.103,89.219
5,20,31,31,15,19,15,19,ACGTT,ACGTT,5,2.103,89.219
5,20,31,31,20,24,20,24,AGCTA,AGCTA,5,2.103,89.219
5,20,31,31,25,29,25,29,GCTAA,GCTAA,5,2.103,89.219
5,21,32,32,0,4,0,4,ATCGT,ATCGT,5,2.084,93.414
5,21,32,32,5,9,5,9,AGCTA,AGCTA,5,2.084,93.414
5,21,32,32,10,14,10,14,ACGTT,ACGTT,5,2.084,93.414
5,21,32,32,15,19,15,19,AGCTA,AGCTA,5,2.084,93.414
5,21,32,32,20,24,20,24,GCTAA,GCTAA,5,2.084,93.414
5,21,32,32,25,29,25,29,CGTTA,CGTTA,5,2.084,93.414
5,22,32,32,0,4,0,4,GGATC,GGATC,5,2.033,93.414
5,22,32,32,5,9,5,9,CGTAG,CGTAG,5,2.033,93.414
5,22,32,32,10,14,10,14,CTTAC,CTTAC,5,2.033,93.414
5,22,32,32,15,19,15,19,GTTAC,GTTAC,5,2.033,93.414
5,22,32,32,20,24,20,24,GATCG,GATCG,5,2.033,93.414
5,22,32,32,25,29,25,29,TAGCT,TAGCT,5,2.033,93.414
5,23,32,32,0,4,0,4,TGCAT,TGCAT,5,2.487,93.414
5,23,32,32,5,9,5,9,GACTG,GACTG,5,2.487,93.414
5,23,32,32,10,14,10,14,ACTGA,ACTGA,5,2.487,93.414
5,23,32,32,15,19,15,19,CTGAC,CTGAC,5,2.487,93.414
5,23,32,32,20,24,20,24,TGACT,TGACT,5,2.487,93.414
5,23,32,32,25,29,25,29,GACTG,GACTG,5,2.487,93.414
5,24,32,32,0,4,0,4,ATGCG,ATGCG,5,2.196,95.039
5,24,32,32,5,9,5,9,TTAAT,TTAAT,5,2.196,95.039
5,24,32,32,10,14,10,14,GCGTT,GCGTT,5,2.196,95.039
5,24,32,32,15,19,15,19,AATGC,AATGC,5,2.196,95.039
5,24,32,32,20,24,20,24,GTTAA,GTTAA,5,2.196,95.039
5,24,32,32,25,29,25,29,TGCGT,TGCGT,5,2.196,95.039
5,25,33,33,0,4,0,4,GATTA,GATTA,5,2.033,108.055
5,25,33,33,5,9,5,9,CAGGC,CAGGC,5,2.033,108.055
5,25,33,33,10,14,10,14,TTACG,TTACG,5,2.033,108.055
5,25,33,33,15,19,15,19,AATCG,AATCG,5,2.033,108.055
5,25,33,33,20,24,20,24,TACGT,TACGT,5,2.033,108.055
5,25,33,33,25,29,25,29,TAGCT,TAGCT,5,2.033,108.055
5,26,33,34,0,4,0,4,CGTAC,CGTAC,5,2.085,108.680
5,26,33,34,5,9,5,9,GTTAG,GTTAG,5,2.085,108.680
5,26,33,34,10,14,10,14,CTAGC,CTAGC,5,2.085,108.680
5,26,33,34,15,19,15,19,TAACG,TAACG,5,2.085,108.680
5,26,33,34,20,24,20,24,TAGCT,TAGCT,5,2.085,108.680
5,26,33,34,25,29,25,29,AGCTA,AGCTA,5,2.085,108.680
5,27,34,35,0,4,0,4,TGCAT,TGCAT,5,2.116,112.219
5,27,34,35,5,9,5,9,GACTG,GACTG,5,2.116,112.219
5,27,34,35,10,14,10,14,ACTGA,ACTGA,5,2.116,112.219
5,27,34,35,15,19,15,19,CAGAC,CAGAC,5,2.116,112.219
5,27,34,35,20,24,20,24,TGACT,TGACT,5,2.116,112.219
5,27,34,35,25,29,25,29,GACTG,GACTG,5,2.116,112.219
5,28,34,35,0,4,0,4,ATGCG,ATGCG,5,2.121,114.234
5,28,34,35,5,9,5,9,TACGT,TACGT,5,2.121,114.234
5,28,34,35,10,14,10,14,TAGCG,TAGCG,5,2.121,114.234
5,28,34,35,15,19,15,19,TACGT,TACGT,5,2.121,114.234
5,28,34,35,20,24,20,24,TAGCG,TAGCG,5,2.121,114.234
5,28,34,35,25,29,25,29,TACGT,TACGT,5,2.121,114.234
5,29,35,35,0,4,0,4,CGTAG,CGTAG,5,2.079,118.398
5,29,35,35,5,9,5,9,CTAGC,CTAGC,5,2.079,118.398
5,29,35,35,10,14,10,14,TAACG,TAACG,5,2.079,118.398
5,29,35,35,15,19,15,19,TTACG,TTACG,5,2.079,118.398
5,29,35,35,20,24,20,24,ATCGT,ATCGT,5,2.079,118.398
5,29,35,35,25,29,25,29,AGCTA,AGCTA,5,2.079,118.398
5,29,35,35,30,34,30,34,GCTAA,GCTAT,4,2.079,118.398
5,30,35,35,0,4,0,4,GCTAG,GCTAG,5,2.127,116.383
5,30,35,35,5,9,5,9,CGTAC,CGTAC,5,2.127,116.383
5,30,35,35,10,14,10,14,GTAGC,GTAGC,5,2.127,116.383
5,30,35,35,15,19,15,19,TAGCT,TAGCT,5,2.127,116.383
5,30,35,35,20,24,20,24,AACGT,AACGT,5,2.127,116.383
5,30,35,35,25,29,25,29,TAGCT,TAGCT,5,2.127,116.383
5,30,35,35,30,34,30,34,AGCTA,AGCTC,4,2.127,116.383
5,31,36,36,0,4,0,4,TACGT,TACGT,5,2.045,124.578
5,31,36,36,5,9,5,9,TAGCT,TAGCT,5,2.045,124.578
5,31,36,36,10,14,10,14,AGCTA,AGCTA,5,2.045,124.578
5,31,36,36,15,19,15,19,GCGTT,GCGTT,5,2.045,124.578
5,31,36,36,20,24,20,24,AATCG,AATCG,5,2.045,124.578
5,31,36,36,25,29,25,29,TAGCT,TAGCT,5,2.045,124.578
5,31,36,36,30,34,30,34,AACGT,AACGT,5,2.045,124.578
5,32,36,36,0,4,0,4,GGCTT,GGCTT,5,2.106,124.578
5,32,36,36,5,9,5,9,ACGAT,ACGAT,5,2.106,124.578
5,32,36,36,10,14,10,14,CGTAG,CGTAG,5,2.106,124.578
5,32,36,36,15,19,15,19,CTAGC,CTAGC,5,2.106,124.578
5,32,36,36,20,24,20,24,AGTTA,AGTTA,5,2.106,124.578
5,32,36,36,25,29,25,29,GCTAA,GCTAA,5,2.106,124.578
5,32,36,36,30,34,30,34,CGTTA,CGTTA,5,2.106,124.578
5,33,37,37,0,4,0,4,ATCGT,ATCGT,5,2.016,131.891
5,33,37,37,5,9,5,9,ACGTT,ACGTT,5,2.016,131.891
5,33,37,37,10,14,10,14,AGCTA,AGCTA,5,2.016,131.891
5,33,37,37,15,19,15,19,GCTAA,GCTAA,5,2.016,131.891
5,33,37,37,20,24,20,24,CGTTA,CGTTA,5,2.016,131.891
5,33,37,37,25,29,25,29,GCGTA,GCGTA,5,2.016,131.891
5,33,37,37,30,34,30,34,GCTAA,GCTAA,5,2.016,131.891
5,34,38,38,0,4,0,4,GATCG,GATCG,5,2.050,137.055
5,34,38,38,5,9,5,9,TAGCT,TAGCT,5,2.050,137.055
5,34,38,38,10,14,10,14,AGCTA,AGCTA,5,2.050,137.055
5,34,38,38,15,19,15,19,GCTAA,GCTAA,5,2.050,137.055
5,34,38,38,20,24,20,24,CGTTA,CGTTA,5,2.050,137.055
5,34,38,38,25,29,25,29,CGTTA,CGTTA,5,2.050,137.055
5,34,38,38,30,34,30,34,GCTAG,GCTAG,5,2.050,137.055
5,35,39,39,0,4,0,4,TGCAT,TGCAT,5,2.029,143.758
5,35,39,39,5,9,5,9,GACTG,GACTG,5,2.029,143.758
5,35,39,39,10,14,10,14,ACTGA,ACTGA,5,2.029,143.758
5,35,39,39,15,19,15,19,CTGAC,CTGAC,5,2.029,143.758
5,35,39,39,20,24,20,24,GTAGC,GTAGC,5,2.029,143.758
5,35,39,39,25,29,25,29,TAGCT,TAGCT,5,2.029,143.758
5,35,39,39,30,34,30,34,AACGT,AACGT,5,2.029,143.758
5,36,40,40,0,4,0,4,CGTAC,CGTAC,5,2.100,160.281
5,36,40,40,5,9,5,9,GTAGC,GTAGC,5,2.100,160.281
5,36,40,40,10,14,10,14,TAGCT,TAGCT,5,2.100,160.281
5,36,40,40,15,19,15,19,AGCTA,AGCTA,5,2.100,160.281
5,36,40,40,20,24,20,24,ACTGA,ACTGA,5,2.100,160.281
5,36,40,40,25,29,25,29,CTGAC,CTGAC,5,2.100,160.281
5,36,40,40,30,34,30,34,TGACT,TGACT,5,2.100,160.281
5,36,40,40,35,39,35,39,GACTG,GACTA,4,2.100,160.281
5,37,41,41,0,4,0,4,GCTTA,GCTTA,5,2.129,163.727
5,37,41,41,5,9,5,9,GCGTA,GCGTA,5,2.129,163.727
5,37,41,41,10,14,10,14,CGTTA,CGTTA,5,2.129,163.727
5,37,41,41,15,19,15,19,GCTAG,GCTAG,5,2.129,163.727
5,37,41,41,20,24,20,24,CGTAG,CGTAG,5,2.129,163.727
5,37,41,41,25,29,25,29,CTAGC,CTAGC,5,2.129,163.727
5,37,41,41,30,34,30,34,TAACG,TAACG,5,2.129,163.727
5,37,41,41,35,39,35,39,TTAGC,TTAGC,5,2.129,163.727
5,38,42,42,0,4,0,4,TACGT,TACGT,5,2.083,169.609
5,38,42,42,5,9,5,9,TAGCT,TAGCT,5,2.083,169.609
5,38,42,42,10,14,10,14,AGCGT,AGCGT,5,2.083,169.609
5,38,42,42,15,19,15,19,ACGTT,ACGTT,5,2.083,169.609
5,38,42,42,20,24,20,24,AGCTA,AGCTA,5,2.083,169.609
5,38,42,42,25,29,25,29,GCTAA,GCTAA,5,2.083,169.609
5,38,42,42,30,34,30,34,CGTTA,CGTTA,5,2.083,169.609
5,38,42,42,35,39,35,39,GCTAG,GCTAG,5,2.083,169.609
5,39,43,43,0,4,0,4,ATCGT,ATCGT,5,1.999,175.422
5,39,43,43,5,9,5,9,AGCTA,AGCTA,5,1.999,175.422
5,39,43,43,10,14,10,14,ACGTT,ACGTT,5,1.999,175.422
5,39,43,43,15,19,15,19,AGCTA,AGCTA,5,1.999,175.422
5,39,43,43,20,24,20,24,GCTAA,GCTAA,5,1.999,175.422
5,39,43,43,25,29,25,29,CGTTA,CGTTA,5,1.999,175.422
5,39,43,43,30,34,30,34,GCGTA,GCGTA,5,1.999,175.422
5,39,43,43,35,39,35,39,CGTTA,CGTTA,5,1.999,175.422
5,40,44,44,0,4,0,4,GGATC,GGATC,5,2.037,181.563
5,40,44,44,5,9,5,9,CGTAG,CGTAG,5,2.037,181.563
5,40,44,44,10,14,10,14,CTTAC,CTTAC,5,2.037,181.563
5,40,44,44,15,19,15,19,GTTAC,GTTAC,5,2.037,181.563
5,40,44,44,20,24,20,24,GATCG,GATCG,5,2.037,181.563
5,40,44,44,25,29,25,29,TAGCT,TAGCT,5,2.037,181.563
5,40,44,44,30,34,30,34,AGCTA,AGCTA,5,2.037,181.563
5,40,44,44,35,39,35,39,ACGTT,ACGTT,5,2.037,181.563
5,41,45,45,0,4,0,4,TGCAT,TGCAT,5,1.982,185.836
5,41,45,45,5,9,5,9,GACTG,GACTG,5,1.982,185.836
5,41,45,45,10,14,10,14,ACTGA,ACTGA,5,1.982,185.836
5,41,45,45,15,19,15,19,CTGAC,CTGAC,5,1.982,185.836
5,41,45,45,20,24,20,24,TGACT,TGACT,5,1.982,185.836
5,41,45,45,25,29,25,29,GACTG,GACTG,5,1.982,185.836
5,41,45,45,30,34,30,34,ACTGA,ACTGA,5,1.982,185.836
5,41,45,45,35,39,35,39,CTGAC,CTGAC,5,1.982,185.836
5,41,45,45,40,44,40,44,TGACT,TGATA,3,1.982,185.836
5,42,46,47,0,4,0,4,ATGCG,ATGCG,5,2.035,201.688
5,42,46,47,5,9,5,9,TTAAT,TTAAT,5,2.035,201.688
5,42,46,47,10,14,10,14,GCGTT,GCGTT,5,2.035,201.688
5,42,46,47,15,19,15,19,AATGC,AATGC,5,2.035,201.688
5,42,46,47,20,24,20,24,GTTAA,GTTAA,5,2.035,201.688
5,42,46,47,25,29,25,29,TGCGT,TGCGT,5,2.035,201.688
5,42,46,47,30,34,30,34,TAATG,TAATG,5,2.035,201.688
5,42,46,47,35,39,35,39,CGTTA,CGTTA,5,2.035,201.688
5,42,46,47,40,44,40,44,ATGCG,ATGCG,5,2.035,201.688
5,43,47,47,0,4,0,4,GATTA,GATTA,5,2.104,203.664
5,43,47,47,5,9,5,9,CAGGC,CAGGC,5,2.104,203.664
5,43,47,47,10,14,10,14,TTACG,TTACG,5,2.104,203.664
5,43,47,47,15,19,15,19,AATCG,AATCG,5,2.104,203.664
5,43,47,47,20,24,20,24,TACGT,TACGT,5,2.104,203.664
5,43,47,47,25,29,25,29,TAGCT,TAGCT,5,2.104,203.664
5,43,47,47,30,34,30,34,AGCTA,AGCTA,5,2.104,203.664
5,43,47,47,35,39,35,39,ACGTT,ACGTT,5,2.104,203.664
5,43,47,47,40,44,40,44,AGCTA,AGCTA,5,2.104,203.664
5,44,47,48,0,4,0,4,CGTAC,CGTAC,5,2.097,214.398
5,44,47,48,5,9,5,9,GTTAG,GTTAG,5,2.097,214.398
5,44,47,48,10,14,10,14,CTAGC,CTAGC,5,2.097,214.398
5,44,47,48,15,19,15,19,TAACG,TAACG,5,2.097,214.398
5,44,47,48,20,24,20,24,TAGCT,TAGCT,5,2.097,214.398
5,44,47,48,25,29,25,29,AGCTA,AGCTA,5,2.097,214.398
5,44,47,48,30,34,30,34,ACGTT,ACGTT,5,2.097,214.398
5,44,47,48,35,39,35,39,AGCTA,AGCTA,5,2.097,214.398
5,44,47,48,40,44,40,44,GCTAA,GCTAA,5,2.097,214.398
5,45,47,48,0,4,0,4,TGCAT,TGCAT,5,2.092,213.852
5,45,47,48,5,9,5,9,GACTG,GACTG,5,2.092,213.852
5,45,47,48,10,14,10,14,ACTGA,ACTGA,5,2.092,213.852
5,45,47,48,15,19,15,19,CAGAC,CAGAC,5,2.092,213.852
5,45,47,48,20,24,20,24,TGACT,TGACT,5,2.092,213.852
5,45,47,48,25,29,25,29,GACTG,GACTG,5,2.092,213.852
5,45,47,48,30,34,30,34,ACTGA,ACTGA,5,2.092,213.852
5,45,47,48,35,39,35,39,CTGAC,CTGAC,5,2.092,213.852
5,45,47,48,40,44,40,44,TGACT,TGACT,5,2.092,213.852
5,46,48,48,0,4,0,4,ATGCG,ATGCG,5,2.180,219.797
5,46,48,48,5,9,5,9,TACGT,TACGT,5,2.180,219.797
5,46,48,48,10,14,10,14,TAGCG,TAGCG,5,2.180,219.797
5,46,48,48,15,19,15,19,TACGT,TACGT,5,2.180,219.797
5,46,48,48,20,24,20,24,TAGCG,TAGCG,5,2.180,219.797
5,46,48,48,25,29,25,29,TACGT,TACGT,5,2.180,219.797
5,46,48,48,30,34,30,34,TAGCG,TAGCG,5,2.180,219.797
5,46,48,48,35,39,35,39,TACGT,TACGT,5,2.180,219.797
5,46,48,48,40,44,40,44,TAGCG,TAGCG,5,2.180,219.797
5,47,49,49,0,4,0,4,CGTAG,CGTAG,5,2.107,226.617
5,47,49,49,5,9,5,9,CTAGC,CTAGC,5,2.107,226.617
5,47,49,49,10,14,10,14,TAACG,TAACG,5,2.107,226.617
5,47,49,49,15,19,15,19,TTACG,TTACG,5,2.107,226.617
5,47,49,49,20,24,20,24,ATCGT,ATCGT,5,2.107,226.617
5,47,49,49,25,29,25,29,AGCTA,AGCTA,5,2.107,226.617
5,47,49,49,30,34,30,34,GCTAA,GCTAA,5,2.107,226.617
5,47,49,49,35,39,35,39,CGTTA,CGTTA,5,2.107,226.617
5,47,49,49,40,44,40,44,GCTAG,GCTAG,5,2.107,226.617
5,48,49,49,0,4,0,4,GCTAG,GCTAG,5,2.152,230.227
5,48,49,49,5,9,5,9,CGTAC,CGTAC,5,2.152,230.227
5,48,49,49,10,14,10,14,GTAGC,GTAGC,5,2.152,230.227
5,48,49,49,15,19,15,19,TAGCT,TAGCT,5,2.152,230.227
5,48,49,49,20,24,20,24,AACGT,AACGT,5,2.152,230.227
5,48,49,49,25,29,25,29,TAGCT,TAGCT,5,2.152,230.227
5,48,49,49,30,34,30,34,AGCTA,AGCTA,5,2.152,230.227
5,48,49,49,35,39,35,39,ACGTT,ACGTT,5,2.152,230.227
5,48,49,49,40,44,40,44,AGCTA,AGCTA,5,2.152,230.227
5,49,49,49,0,4,0,4,TACGT,TACGT,5,2.134,225.125
5,49,49,49,5,9,5,9,TAGCT,TAGCT,5,2.134,225.125
5,49,49,49,10,14,10,14,AGCTA,AGCTA,5,2.134,225.125
5,49,49,49,15,19,15,19,GCGTT,GCGTT,5,2.134,225.125
5,49,49,49,20,24,20,24,AATCG,AATCG,5,2.134,225.125
5,49,49,49,25,29,25,29,TAGCT,TAGCT,5,2.134,225.125
5,49,49,49,30,34,30,34,AACGT,AACGT,5,2.134,225.125
5,49,49,49,35,39,35,39,TAGCT,TAGCT,5,2.134,225.125
5,49,49,49,40,44,40,44,AGCTA,AGCTA,5,2.134,225.125
5,50,50,50,0,4,0,4,GGCTT,GGCTT,5,2.108,233.430
5,50,50,50,5,9,5,9,ACGAT,ACGAT,5,2.108,233.430
5,50,50,50,10,14,10,14,CGTAG,CGTAG,5,2.108,233.430
5,50,50,50,15,19,15,19,CTAGC,CTAGC,5,2.108,233.430
5,50,50,50,20,24,20,24,AGTTA,AGTTA,5,2.108,233.430
5,50,50,50,25,29,25,29,GCTAA,GCTAA,5,2.108,233.430
5,50,50,50,30,34,30,34,CGTTA,CGTTA,5,2.108,233.430
5,50,50,50,35,39,35,39,GCTAG,GCTAG,5,2.108,233.430
5,50,50,50,40,44,40,44,CTAAC,CTAAC,5,2.108,233.430
5,50,50,50,45,49,45,49,GTTAG,GTTAT,4,2.108,233.430
6,1,10,10,0,5,0,5,ATGCTA,ATGCTA,6,2.014,4.578
6,2,13,13,0,5,0,5,GATTAC,GATTAC,6,2.004,9.422
6,2,13,13,6,11,6,11,AGGCTT,AGGCTT,6,2.004,9.422
6,3,15,15,0,5,0,5,TGCATG,TGCATG,6,1.916,15.563
6,3,15,15,6,11,6,11,ACTGAC,ACTGAC,6,1.916,15.563
6,4,17,17,0,5,0,5,ATCGTA,ATCGTA,6,1.898,18.469
6,4,17,17,6,11,6,11,GCTAGC,GCTAGC,6,1.898,18.469
6,5,20,20,0,5,0,5,GGATCC,GGATCC,6,1.890,29.438
6,5,20,20,6,11,6,11,GTAGCT,GTAGCT,6,1.890,29.438
6,5,20,20,12,17,12,17,AGCTTA,AGCTTA,6,1.890,29.438
6,6,22,23,0,5,0,5,ATGCGT,ATGCGT,6,1.986,38.648
6,6,22,23,6,11,6,11,TAATGC,TAATGC,6,1.986,38.648
6,6,22,23,12,17,12,17,GTTAAT,GTTAAT,6,1.986,38.648
6,7,22,23,0,5,0,5,GATTAC,GATTAC,6,1.900,38.648
6,7,22,23,6,11,6,11,AGGCTT,AGGCTT,6,1.900,38.648
6,7,22,23,12,17,12,17,ACGAAT,ACGAAT,6,1.900,38.648
6,8,22,22,0,5,0,5,CGTACG,CGTACG,6,1.893,38.680
6,8,22,22,6,11,6,11,TTAGCT,TTAGCT,6,1.893,38.680
6,8,22,22,12,17,12,17,AGCTAA,AGCTAA,6,1.893,38.680
6,9,23,23,0,5,0,5,TGCATG,TGCATG,6,2.017,41.984
6,9,23,23,6,11,6,11,ACTGAC,ACTGAC,6,2.017,41.984
6,9,23,23,12,17,12,17,TGACAG,TGACAG,6,2.017,41.984
6,10,24,24,0,5,0,5,ATGCGT,ATGCGT,6,2.193,43.844
6,10,24,24,6,11,6,11,ACGTTA,ACGTTA,6,2.193,43.844
6,10,24,24,12,17,12,17,GCGTAC,GCGTAC,6,2.193,43.844
6,10,24,24,18,23,18,23,GTTAGC,GTTAGT,5,2.193,43.844
6,11,25,25,0,5,0,5,CGTAGC,CGTAGC,6,2.110,52.219
6,11,25,25,6,11,6,11,TAGCTA,TAGCTA,6,2.110,52.219
6,11,25,25,12,17,12,17,ACGTTA,ACGTTA,6,2.110,52.219
6,11,25,25,18,23,18,23,CGATGC,CGATGC,6,2.110,52.219
6,12,25,25,0,5,0,5,GCTAGC,GCTAGC,6,2.021,52.219
6,12,25,25,6,11,6,11,GTACGT,GTACGT,6,2.021,52.219
6,12,25,25,12,17,12,17,AGCTAG,AGCTAG,6,2.021,52.219
6,12,25,25,18,23,18,23,CTAACG,CTAACG,6,2.021,52.219
6,13,26,26,0,5,0,5,TACGTT,TACGTT,6,2.011,54.797
6,13,26,26,6,11,6,11,AGCTAG,AGCTAG,6,2.011,54.797
6,13,26,26,12,17,12,17,CTAGCG,CTAGCG,6,2.011,54.797
6,13,26,26,18,23,18,23,TTAATC,TTAATC,6,2.011,54.797
6,14,26,26,0,5,0,5,GGCTTA,GGCTTA,6,2.007,54.797
6,14,26,26,6,11,6,11,CGATCG,CGATCG,6,2.007,54.797
6,14,26,26,12,17,12,17,TAGCTA,TAGCTA,6,2.007,54.797
6,14,26,26,18,23,18,23,GCAGTT,GCAGTT,6,2.007,54.797
6,15,27,27,0,5,0,5,ATCGTA,ATCGTA,6,1.946,58.930
6,15,27,27,6,11,6,11,CGTTAG,CGTTAG,6,1.946,58.930
6,15,27,27,12,17,12,17,CTAGCT,CTAGCT,6,1.946,58.930
6,15,27,27,18,23,18,23,AACGTT,AACGTT,6,1.946,58.930
6,16,28,28,0,5,0,5,GATCGT,GATCGT,6,1.964,65.148
6,16,28,28,6,11,6,11,AGCTAG,AGCTAG,6,1.964,65.148
6,16,28,28,12,17,12,17,CTAGCT,CTAGCT,6,1.964,65.148
6,16,28,28,18,23,18,23,AACGTT,AACGTT,6,1.964,65.148
6,17,28,28,0,5,0,5,TGCATG,TGCATG,6,1.896,65.148
6,17,28,28,6,11,6,11,ACTGAC,ACTGAC,6,1.896,65.148
6,17,28,28,12,17,12,17,TGACTG,TGACTG,6,1.896,65.148
6,17,28,28,18,23,18,23,ACGTAG,ACGTAG,6,1.896,65.148
6,18,29,29,0,5,0,5,CGTACG,CGTACG,6,1.933,72.711
6,18,29,29,6,11,6,11,TAGCTA,TAGCTA,6,1.933,72.711
6,18,29,29,12,17,12,17,GCTAGC,GCTAGC,6,1.933,72.711
6,18,29,29,18,23,18,23,TAACTG,TAACTG,6,1.933,72.711
6,19,30,30,0,5,0,5,GCTTAG,GCTTAG,6,1.926,78.906
6,19,30,30,6,11,6,11,CGTACG,CGTACG,6,1.926,78.906
6,19,30,30,12,17,12,17,TTAGCT,TTAGCT,6,1.926,78.906
6,19,30,30,18,23,18,23,AGCGTA,AGCGTA,6,1.926,78.906
6,19,30,30,24,29,24,29,GCTAGC,GCTAGT,5,1.926,78.906
6,20,31,31,0,5,0,5,TACGTT,TACGTT,6,2.052,84.063
6,20,31,31,6,11,6,11,AGCTAG,AGCTAG,6,2.052,84.063
6,20,31,31,12,17,12,17,CGTACG,CGTACG,6,2.052,84.063
6,20,31,31,18,23,18,23,TTAGCT,TTAGCT,6,2.052,84.063
6,20,31,31,24,29,24,29,AGCTAA,AGCTAA,6,2.052,84.063
6,21,32,32,0,5,0,5,ATCGTA,ATCGTA,6,1.929,89.219
6,21,32,32,6,11,6,11,GCTAAC,GCTAAC,6,1.929,89.219
6,21,32,32,12,17,12,17,GTTAGC,GTTAGC,6,1.929,89.219
6,21,32,32,18,23,18,23,TAGCTA,TAGCTA,6,1.929,89.219
6,21,32,32,24,29,24,29,ACGTTA,ACGTTA,6,1.929,89.219
6,22,32,32,0,5,0,5,GGATCC,GGATCC,6,1.910,89.219
6,22,32,32,6,11,6,11,GTAGCT,GTAGCT,6,1.910,89.219
6,22,32,32,12,17,12,17,TACGTT,TACGTT,6,1.910,89.219
6,22,32,32,18,23,18,23,ACGATC,ACGATC,6,1.910,89.219
6,22,32,32,24,29,24,29,GTAGCT,GTAGCT,6,1.910,89.219
6,23,32,32,0,5,0,5,TGCATG,TGCATG,6,1.880,89.219
6,23,32,32,6,11,6,11,ACTGAC,ACTGAC,6,1.880,89.219
6,23,32,32,12,17,12,17,TGACTG,TGACTG,6,1.880,89.219
6,23,32,32,18,23,18,23,ACTGAC,ACTGAC,6,1.880,89.219
6,23,32,32,24,29,24,29,TGACTG,TGACTG,6,1.880,89.219
6,24,32,32,0,5,0,5,ATGCGT,ATGCGT,6,1.931,89.219
6,24,32,32,6,11,6,11,TAATGC,TAATGC,6,1.931,89.219
6,24,32,32,12,17,12,17,GTTAAT,GTTAAT,6,1.931,89.219
6,24,32,32,18,23,18,23,GCGTTA,GCGTTA,6,1.931,89.219
6,24,32,32,24,29,24,29,ATGCGT,ATGCGT,6,1.931,89.219
6,25,33,33,0,5,0,5,GATTAC,GATTAC,6,2.104,95.039
6,25,33,33,6,11,6,11,AGGCTT,AGGCTT,6,2.104,95.039
6,25,33,33,12,17,12,17,ACGAAT,ACGAAT,6,2.104,95.039
6,25,33,33,18,23,18,23,CGTACG,CGTACG,6,2.104,95.039
6,25,33,33,24,29,24,29,TTAGCT,TTAGCT,6,2.104,95.039
6,26,33,34,0,5,0,5,CGTACG,CGTACG,6,2.056,96.000
6,26,33,34,6,11,6,11,TTAGCT,TTAGCT,6,2.056,96.000
6,26,33,34,12,17,12,17,AGCTAA,AGCTAA,6,2.056,96.000
6,26,33,34,18,23,18,23,CGTAGC,CGTAGC,6,2.056,96.000
6,26,33,34,24,29,24,29,TAGCTA,TAGCTA,6,2.056,96.000
6,27,34,35,0,5,0,5,TGCATG,TGCATG,6,1.977,108.680
6,27,34,35,6,11,6,11,ACTGAC,ACTGAC,6,1.977,108.680
6,27,34,35,12,17,12,17,TGACAG,TGACAG,6,1.977,108.680
6,27,34,35,18,23,18,23,ACTGAC,ACTGAC,6,1.977,108.680
6,27,34,35,24,29,24,29,TGACTG,TGACTG,6,1.977,108.680
6,28,34,35,0,5,0,5,ATGCGT,ATGCGT,6,2.029,110.695
6,28,34,35,6,11,6,11,ACGTTA,ACGTTA,6,2.029,110.695
6,28,34,35,12,17,12,17,GCGTAC,GCGTAC,6,2.029,110.695
6,28,34,35,18,23,18,23,GTTAGC,GTTAGC,6,2.029,110.695
6,28,34,35,24,29,24,29,GTACGT,GTACGT,6,2.029,110.695
6,29,35,35,0,5,0,5,CGTAGC,CGTAGC,6,1.975,111.633
6,29,35,35,6,11,6,11,TAGCTA,TAGCTA,6,1.975,111.633
6,29,35,35,12,17,12,17,ACGTTA,ACGTTA,6,1.975,111.633
6,29,35,35,18,23,18,23,CGATCG,CGATCG,6,1.975,111.633
6,29,35,35,24,29,24,29,TAGCTA,TAGCTA,6,1.975,111.633
6,30,35,35,0,5,0,5,GCTAGC,GCTAGC,6,1.978,109.617
6,30,35,35,6,11,6,11,GTACGT,GTACGT,6,1.978,109.617
6,30,35,35,12,17,12,17,AGCTAG,AGCTAG,6,1.978,109.617
6,30,35,35,18,23,18,23,CTAACG,CTAACG,6,1.978,109.617
6,30,35,35,24,29,24,29,TTAGCT,TTAGCT,6,1.978,109.617
6,31,36,36,0,5,0,5,TACGTT,TACGTT,6,1.955,118.398
6,31,36,36,6,11,6,11,AGCTAG,AGCTAG,6,1.955,118.398
6,31,36,36,12,17,12,17,CTAGCG,CTAGCG,6,1.955,118.398
6,31,36,36,18,23,18,23,TTAATC,TTAATC,6,1.955,118.398
6,31,36,36,24,29,24,29,GTAGCT,GTAGCT,6,1.955,118.398
6,31,36,36,30,35,30,35,AACGTT,AACGTA,5,1.955,118.398
6,32,36,36,0,5,0,5,GGCTTA,GGCTTA,6,2.012,118.398
6,32,36,36,6,11,6,11,CGATCG,CGATCG,6,2.012,118.398
6,32,36,36,12,17,12,17,TAGCTA,TAGCTA,6,2.012,118.398
6,32,36,36,18,23,18,23,GCAGTT,GCAGTT,6,2.012,118.398
6,32,36,36,24,29,24,29,AGCTAA,AGCTAA,6,2.012,118.398
6,32,36,36,30,35,30,35,CGTTAG,CGTTAT,5,2.012,118.398
6,33,37,37,0,5,0,5,ATCGTA,ATCGTA,6,1.978,124.578
6,33,37,37,6,11,6,11,CGTTAG,CGTTAG,6,1.978,124.578
6,33,37,37,12,17,12,17,CTAGCT,CTAGCT,6,1.978,124.578
6,33,37,37,18,23,18,23,AACGTT,AACGTT,6,1.978,124.578
6,33,37,37,24,29,24,29,AGCGTA,AGCGTA,6,1.978,124.578
6,33,37,37,30,35,30,35,GCTAAC,GCTAAC,6,1.978,124.578
6,34,38,38,0,5,0,5,GATCGT,GATCGT,6,1.973,131.891
6,34,38,38,6,11,6,11,AGCTAG,AGCTAG,6,1.973,131.891
6,34,38,38,12,17,12,17,CTAGCT,CTAGCT,6,1.973,131.891
6,34,38,38,18,23,18,23,AACGTT,AACGTT,6,1.973,131.891
6,34,38,38,24,29,24,29,ACGTTA,ACGTTA,6,1.973,131.891
6,34,38,38,30,35,30,35,GCTAGC,GCTAGC,6,1.973,131.891
6,35,39,39,0,5,0,5,TGCATG,TGCATG,6,2.015,137.055
6,35,39,39,6,11,6,11,ACTGAC,ACTGAC,6,2.015,137.055
6,35,39,39,12,17,12,17,TGACTG,TGACTG,6,2.015,137.055
6,35,39,39,18,23,18,23,ACGTAG,ACGTAG,6,2.015,137.055
6,35,39,39,24,29,24,29,CTAGCT,CTAGCT,6,2.015,137.055
6,35,39,39,30,35,30,35,AACGTT,AACGTT,6,2.015,137.055
6,36,40,40,0,5,0,5,CGTACG,CGTACG,6,2.008,143.758
6,36,40,40,6,11,6,11,TAGCTA,TAGCTA,6,2.008,143.758
6,36,40,40,12,17,12,17,GCTAGC,GCTAGC,6,2.008,143.758
6,36,40,40,18,23,18,23,TAACTG,TAACTG,6,2.008,143.758
6,36,40,40,24,29,24,29,ACTGAC,ACTGAC,6,2.008,143.758
6,36,40,40,30,35,30,35,TGACTG,TGACTG,6,2.008,143.758
6,37,41,41,0,5,0,5,GCTTAG,GCTTAG,6,1.997,158.773
6,37,41,41,6,11,6,11,CGTACG,CGTACG,6,1.997,158.773
6,37,41,41,12,17,12,17,TTAGCT,TTAGCT,6,1.997,158.773
6,37,41,41,18,23,18,23,AGCGTA,AGCGTA,6,1.997,158.773
6,37,41,41,24,29,24,29,GCTAGC,GCTAGC,6,1.997,158.773
6,37,41,41,30,35,30,35,TAACGT,TAACGT,6,1.997,158.773
6,38,42,42,0,5,0,5,TACGTT,TACGTT,6,2.051,164.422
6,38,42,42,6,11,6,11,AGCTAG,AGCTAG,6,2.051,164.422
6,38,42,42,12,17,12,17,CGTACG,CGTACG,6,2.051,164.422
6,38,42,42,18,23,18,23,TTAGCT,TTAGCT,6,2.051,164.422
6,38,42,42,24,29,24,29,AGCTAA,AGCTAA,6,2.051,164.422
6,38,42,42,30,35,30,35,CGTTAG,CGTTAG,6,2.051,164.422
6,38,42,42,36,41,36,41,CTAGCT,CTAGCA,5,2.051,164.422
6,39,43,43,0,5,0,5,ATCGTA,ATCGTA,6,2.066,173.227
6,39,43,43,6,11,6,11,GCTAAC,GCTAAC,6,2.066,173.227
6,39,43,43,12,17,12,17,GTTAGC,GTTAGC,6,2.066,173.227
6,39,43,43,18,23,18,23,TAGCTA,TAGCTA,6,2.066,173.227
6,39,43,43,24,29,24,29,ACGTTA,ACGTTA,6,2.066,173.227
6,39,43,43,30,35,30,35,GCGTAC,GCGTAC,6,2.066,173.227
6,39,43,43,36,41,36,41,GTTAGC,GTTAGC,6,2.066,173.227
6,40,44,44,0,5,0,5,GGATCC,GGATCC,6,2.132,176.148
6,40,44,44,6,11,6,11,GTAGCT,GTAGCT,6,2.132,176.148
6,40,44,44,12,17,12,17,TACGTT,TACGTT,6,2.132,176.148
6,40,44,44,18,23,18,23,ACGATC,ACGATC,6,2.132,176.148
6,40,44,44,24,29,24,29,GTAGCT,GTAGCT,6,2.132,176.148
6,40,44,44,30,35,30,35,AGCTAA,AGCTAA,6,2.132,176.148
6,40,44,44,36,41,36,41,CGTTAG,CGTTAG,6,2.132,176.148
6,41,45,45,0,5,0,5,TGCATG,TGCATG,6,2.082,182.352
6,41,45,45,6,11,6,11,ACTGAC,ACTGAC,6,2.082,182.352
6,41,45,45,12,17,12,17,TGACTG,TGACTG,6,2.082,182.352
6,41,45,45,18,23,18,23,ACTGAC,ACTGAC,6,2.082,182.352
6,41,45,45,24,29,24,29,TGACTG,TGACTG,6,2.082,182.352
6,41,45,45,30,35,30,35,ACTGAC,ACTGAC,6,2.082,182.352
6,41,45,45,36,41,36,41,TGACTG,TGACTG,6,2.082,182.352
6,42,46,47,0,5,0,5,ATGCGT,ATGCGT,6,2.087,196.469
6,42,46,47,6,11,6,11,TAATGC,TAATGC,6,2.087,196.469
6,42,46,47,12,17,12,17,GTTAAT,GTTAAT,6,2.087,196.469
6,42,46,47,18,23,18,23,GCGTTA,GCGTTA,6,2.087,196.469
6,42,46,47,24,29,24,29,ATGCGT,ATGCGT,6,2.087,196.469
6,42,46,47,30,35,30,35,TAATGC,TAATGC,6,2.087,196.469
6,42,46,47,36,41,36,41,GTTAAT,GTTAAT,6,2.087,196.469
6,43,47,47,0,5,0,5,GATTAC,GATTAC,6,2.084,198.938
6,43,47,47,6,11,6,11,AGGCTT,AGGCTT,6,2.084,198.938
6,43,47,47,12,17,12,17,ACGAAT,ACGAAT,6,2.084,198.938
6,43,47,47,18,23,18,23,CGTACG,CGTACG,6,2.084,198.938
6,43,47,47,24,29,24,29,TTAGCT,TTAGCT,6,2.084,198.938
6,43,47,47,30,35,30,35,AGCTAA,AGCTAA,6,2.084,198.938
6,43,47,47,36,41,36,41,CGTTAG,CGTTAG,6,2.084,198.938
6,44,47,48,0,5,0,5,CGTACG,CGTACG,6,2.103,196.688
6,44,47,48,6,11,6,11,TTAGCT,TTAGCT,6,2.103,196.688
6,44,47,48,12,17,12,17,AGCTAA,AGCTAA,6,2.103,196.688
6,44,47,48,18,23,18,23,CGTAGC,CGTAGC,6,2.103,196.688
6,44,47,48,24,29,24,29,TAGCTA,TAGCTA,6,2.103,196.688
6,44,47,48,30,35,30,35,ACGTTA,ACGTTA,6,2.103,196.688
6,44,47,48,36,41,36,41,GCTAGC,GCTAGC,6,2.103,196.688
6,45,47,48,0,5,0,5,TGCATG,TGCATG,6,2.025,195.430
6,45,47,48,6,11,6,11,ACTGAC,ACTGAC,6,2.025,195.430
6,45,47,48,12,17,12,17,TGACAG,TGACAG,6,2.025,195.430
6,45,47,48,18,23,18,23,ACTGAC,ACTGAC,6,2.025,195.430
6,45,47,48,24,29,24,29,TGACTG,TGACTG,6,2.025,195.430
6,45,47,48,30,35,30,35,ACTGAC,ACTGAC,6,2.025,195.430
6,45,47,48,36,41,36,41,TGACTG,TGACTG,6,2.025,195.430
6,46,48,48,0,5,0,5,ATGCGT,ATGCGT,6,2.037,203.219
6,46,48,48,6,11,6,11,ACGTTA,ACGTTA,6,2.037,203.219
6,46,48,48,12,17,12,17,GCGTAC,GCGTAC,6,2.037,203.219
6,46,48,48,18,23,18,23,GTTAGC,GTTAGC,6,2.037,203.219
6,46,48,48,24,29,24,29,GTACGT,GTACGT,6,2.037,203.219
6,46,48,48,30,35,30,35,TAGCGT,TAGCGT,6,2.037,203.219
6,46,48,48,36,41,36,41,ACGTTA,ACGTTA,6,2.037,203.219
6,46,48,48,42,47,42,47,GCGTAC,GCGTAT,5,2.037,203.219
6,47,49,49,0,5,0,5,CGTAGC,CGTAGC,6,2.058,223.070
6,47,49,49,6,11,6,11,TAGCTA,TAGCTA,6,2.058,223.070
6,47,49,49,12,17,12,17,ACGTTA,ACGTTA,6,2.058,223.070
6,47,49,49,18,23,18,23,CGATCG,CGATCG,6,2.058,223.070
6,47,49,49,24,29,24,29,TAGCTA,TAGCTA,6,2.058,223.070
6,47,49,49,30,35,30,35,GCTAAC,GCTAAC,6,2.058,223.070
6,47,49,49,36,41,36,41,GTTAGC,GTTAGC,6,2.058,223.070
6,47,49,49,42,47,42,47,TAGCTA,TAGCTA,6,2.058,223.070
6,48,49,49,0,5,0,5,GCTAGC,GCTAGC,6,2.226,220.383
6,48,49,49,6,11,6,11,GTACGT,GTACGT,6,2.226,220.383
6,48,49,49,12,17,12,17,AGCTAG,AGCTAG,6,2.226,220.383
6,48,49,49,18,23,18,23,CTAACG,CTAACG,6,2.226,220.383
6,48,49,49,24,29,24,29,TTAGCT,TTAGCT,6,2.226,220.383
6,48,49,49,30,35,30,35,AGCTAA,AGCTAA,6,2.226,220.383
6,48,49,49,36,41,36,41,CGTTAG,CGTTAG,6,2.226,220.383
6,48,49,49,42,47,42,47,CTAGCT,CTAGCT,6,2.226,220.383
6,49,49,49,0,5,0,5,TACGTT,TACGTT,6,2.080,219.805
6,49,49,49,6,11,6,11,AGCTAG,AGCTAG,6,2.080,219.805
6,49,49,49,12,17,12,17,CTAGCG,CTAGCG,6,2.080,219.805
6,49,49,49,18,23,18,23,TTAATC,TTAATC,6,2.080,219.805
6,49,49,49,24,29,24,29,GTAGCT,GTAGCT,6,2.080,219.805
6,49,49,49,30,35,30,35,AACGTT,AACGTT,6,2.080,219.805
6,49,49,49,36,41,36,41,AGCTAG,AGCTAG,6,2.080,219.805
6,49,49,49,42,47,42,47,CTAACG,CTAACG,6,2.080,219.805
6,50,50,50,0,5,0,5,GGCTTA,GGCTTA,6,2.075,227.367
6,50,50,50,6,11,6,11,CGATCG,CGATCG,6,2.075,227.367
6,50,50,50,12,17,12,17,TAGCTA,TAGCTA,6,2.075,227.367
6,50,50,50,18,23,18,23,GCAGTT,GCAGTT,6,2.075,227.367
6,50,50,50,24,29,24,29,AGCTAA,AGCTAA,6,2.075,227.367
6,50,50,50,30,35,30,35,CGTTAG,CGTTAG,6,2.075,227.367
6,50,50,50,36,41,36,41,CTAGCT,CTAGCT,6,2.075,227.367
6,50,50,50,42,47,42,47,AACGTT,AACGTT,6,2.075,227.367
7,1,10,10,0,6,0,6,ATGCTAC,ATGCTAC,7,1.865,4.328
7,2,13,13,0,6,0,6,GATTACA,GATTACA,7,1.884,8.773
7,3,15,15,0,6,0,6,TGCATGA,TGCATGA,7,1.858,12.945
7,3,15,15,7,13,7,13,CTGACTG,CTGACTG,7,1.858,12.945
7,4,17,17,0,6,0,6,ATCGTAG,ATCGTAG,7,1.891,18.484
7,4,17,17,7,13,7,13,CTAGCTA,CTAGCTA,7,1.891,18.484
7,5,20,20,0,6,0,6,GGATCCG,GGATCCG,7,1.928,27.359
7,5,20,20,7,13,7,13,TAGCTAG,TAGCTAG,7,1.928,27.359
7,6,22,23,0,6,0,6,ATGCGTT,ATGCGTT,7,1.961,36.836
7,6,22,23,7,13,7,13,AATGCGT,AATGCGT,7,1.961,36.836
7,6,22,23,14,20,14,20,TAATGCG,TAATGCG,7,1.961,36.836
7,7,22,23,0,6,0,6,GATTACA,GATTACA,7,1.896,36.836
7,7,22,23,7,13,7,13,GGCTTAC,GGCTTAC,7,1.896,36.836
7,7,22,23,14,20,14,20,GAATCGT,GAATCGT,7,1.896,36.836
7,8,22,22,0,6,0,6,CGTACGT,CGTACGT,7,1.963,33.484
7,8,22,22,7,13,7,13,TAGCTAG,TAGCTAG,7,1.963,33.484
7,8,22,22,14,20,14,20,CTAACGT,CTAACGT,7,1.963,33.484
7,9,23,23,0,6,0,6,TGCATGA,TGCATGA,7,1.925,38.680
7,9,23,23,7,13,7,13,CTGACTG,CTGACTG,7,1.925,38.680
7,9,23,23,14,20,14,20,ACAGACT,ACAGACT,7,1.925,38.680
7,10,24,24,0,6,0,6,ATGCGTA,ATGCGTA,7,1.883,41.984
7,10,24,24,7,13,7,13,CGTTAGC,CGTTAGC,7,1.883,41.984
7,10,24,24,14,20,14,20,GTACGTT,GTACGTT,7,1.883,41.984
7,11,25,25,0,6,0,6,CGTAGCT,CGTAGCT,7,1.863,43.844
7,11,25,25,7,13,7,13,AGCTAAC,AGCTAAC,7,1.863,43.844
7,11,25,25,14,20,14,20,GTTACGA,GTTACGA,7,1.863,43.844
7,12,25,25,0,6,0,6,GCTAGCG,GCTAGCG,7,1.889,43.844
7,12,25,25,7,13,7,13,TACGTAG,TACGTAG,7,1.889,43.844
7,12,25,25,14,20,14,20,CTAGCTA,CTAGCTA,7,1.889,43.844
7,13,26,26,0,6,0,6,TACGTTA,TACGTTA,7,1.915,52.219
7,13,26,26,7,13,7,13,GCTAGCT,GCTAGCT,7,1.915,52.219
7,13,26,26,14,20,14,20,AGCGTTA,AGCGTTA,7,1.915,52.219
7,14,26,26,0,6,0,6,GGCTTAC,GGCTTAC,7,1.890,52.219
7,14,26,26,7,13,7,13,GATCGTA,GATCGTA,7,1.890,52.219
7,14,26,26,14,20,14,20,GCTAGCA,GCTAGCA,7,1.890,52.219
7,15,27,27,0,6,0,6,ATCGTAC,ATCGTAC,7,1.916,54.797
7,15,27,27,7,13,7,13,GTTAGCT,GTTAGCT,7,1.916,54.797
7,15,27,27,14,20,14,20,AGCTAAC,AGCTAAC,7,1.916,54.797
7,16,28,28,0,6,0,6,GATCGTA,GATCGTA,7,1.876,58.930
7,16,28,28,7,13,7,13,GCTAGCT,GCTAGCT,7,1.876,58.930
7,16,28,28,14,20,14,20,AGCTAAC,AGCTAAC,7,1.876,58.930
7,16,28,28,21,27,21,27,GTTACGA,GTTACGT,6,1.876,58.930
7,17,28,28,0,6,0,6,TGCATGA,TGCATGA,7,1.911,58.930
7,17,28,28,7,13,7,13,CTGACTG,CTGACTG,7,1.911,58.930
7,17,28,28,14,20,14,20,ACTGACG,ACTGACG,7,1.911,58.930
7,17,28,28,21,27,21,27,TAGCTAG,TAGCTAA,6,1.911,58.930
7,18,29,29,0,6,0,6,CGTACGT,CGTACGT,7,1.907,65.148
7,18,29,29,7,13,7,13,AGCTAGC,AGCTAGC,7,1.907,65.148
7,18,29,29,14,20,14,20,TAGCTAA,TAGCTAA,7,1.907,65.148
7,18,29,29,21,27,21,27,CTGACTG,CTGACTG,7,1.907,65.148
7,19,30,30,0,6,0,6,GCTTAGC,GCTTAGC,7,1.970,72.711
7,19,30,30,7,13,7,13,GTACGTT,GTACGTT,7,1.970,72.711
7,19,30,30,14,20,14,20,AGCTAGC,AGCTAGC,7,1.970,72.711
7,19,30,30,21,27,21,27,GTAGCTA,GTAGCTA,7,1.970,72.711
7,20,31,31,0,6,0,6,TACGTTA,TACGTTA,7,1.885,78.906
7,20,31,31,7,13,7,13,GCTAGCG,GCTAGCG,7,1.885,78.906
7,20,31,31,14,20,14,20,TACGTTA,TACGTTA,7,1.885,78.906
7,20,31,31,21,27,21,27,GCTAGCT,GCTAGCT,7,1.885,78.906
7,21,32,32,0,6,0,6,ATCGTAG,ATCGTAG,7,1.991,84.063
7,21,32,32,7,13,7,13,CTAACGT,CTAACGT,7,1.991,84.063
7,21,32,32,14,20,14,20,TAGCTAG,TAGCTAG,7,1.991,84.063
7,21,32,32,21,27,21,27,CTAACGT,CTAACGT,7,1.991,84.063
7,22,32,32,0,6,0,6,GGATCCG,GGATCCG,7,2.032,84.063
7,22,32,32,7,13,7,13,TAGCTTA,TAGCTTA,7,2.032,84.063
7,22,32,32,14,20,14,20,CGTTACG,CGTTACG,7,2.032,84.063
7,22,32,32,21,27,21,27,ATCGTAG,ATCGTAG,7,2.032,84.063
7,23,32,32,0,6,0,6,TGCATGA,TGCATGA,7,1.999,84.063
7,23,32,32,7,13,7,13,CTGACTG,CTGACTG,7,1.999,84.063
7,23,32,32,14,20,14,20,ACTGACT,ACTGACT,7,1.999,84.063
7,23,32,32,21,27,21,27,GACTGAC,GACTGAC,7,1.999,84.063
7,24,32,32,0,6,0,6,ATGCGTT,ATGCGTT,7,2.045,85.688
7,24,32,32,7,13,7,13,AATGCGT,AATGCGT,7,2.045,85.688
7,24,32,32,14,20,14,20,TAATGCG,TAATGCG,7,2.045,85.688
7,24,32,32,21,27,21,27,TTAATGC,TTAATGC,7,2.045,85.688
7,25,33,33,0,6,0,6,GATTACA,GATTACA,7,2.024,89.219
7,25,33,33,7,13,7,13,GGCTTAC,GGCTTAC,7,2.024,89.219
7,25,33,33,14,20,14,20,GAATCGT,GAATCGT,7,2.024,89.219
7,25,33,33,21,27,21,27,ACGTTAG,ACGTTAG,7,2.024,89.219
7,26,33,34,0,6,0,6,CGTACGT,CGTACGT,7,1.999,91.813
7,26,33,34,7,13,7,13,TAGCTAG,TAGCTAG,7,1.999,91.813
7,26,33,34,14,20,14,20,CTAACGT,CTAACGT,7,1.999,91.813
7,26,33,34,21,27,21,27,AGCTAGC,AGCTAGC,7,1.999,91.813
7,27,34,35,0,6,0,6,TGCATGA,TGCATGA,7,1.964,96.000
7,27,34,35,7,13,7,13,CTGACTG,CTGACTG,7,1.964,96.000
7,27,34,35,14,20,14,20,ACAGACT,ACAGACT,7,1.964,96.000
7,27,34,35,21,27,21,27,GACTGAC,GACTGAC,7,1.964,96.000
7,28,34,35,0,6,0,6,ATGCGTA,ATGCGTA,7,2.061,97.625
7,28,34,35,7,13,7,13,CGTTAGC,CGTTAGC,7,2.061,97.625
7,28,34,35,14,20,14,20,GTACGTT,GTACGTT,7,2.061,97.625
7,28,34,35,21,27,21,27,AGCGTAC,AGCGTAC,7,2.061,97.625
7,29,35,35,0,6,0,6,CGTAGCT,CGTAGCT,7,2.075,108.055
7,29,35,35,7,13,7,13,AGCTAAC,AGCTAAC,7,2.075,108.055
7,29,35,35,14,20,14,20,GTTACGA,GTTACGA,7,2.075,108.055
7,29,35,35,21,27,21,27,TCGTAGC,TCGTAGC,7,2.075,108.055
7,29,35,35,28,34,28,34,TAGCTAA,TAGCTAT,6,2.075,108.055
7,30,35,35,0,6,0,6,GCTAGCG,GCTAGCG,7,1.969,106.039
7,30,35,35,7,13,7,13,TACGTAG,TACGTAG,7,1.969,106.039
7,30,35,35,14,20,14,20,CTAGCTA,CTAGCTA,7,1.969,106.039
7,30,35,35,21,27,21,27,ACGTTAG,ACGTTAG,7,1.969,106.039
7,30,35,35,28,34,28,34,CTAGCTA,CTAGCTC,6,1.969,106.039
7,31,36,36,0,6,0,6,TACGTTA,TACGTTA,7,1.959,111.633
7,31,36,36,7,13,7,13,GCTAGCT,GCTAGCT,7,1.959,111.633
7,31,36,36,14,20,14,20,AGCGTTA,AGCGTTA,7,1.959,111.633
7,31,36,36,21,27,21,27,ATCGTAG,ATCGTAG,7,1.959,111.633
7,31,36,36,28,34,28,34,CTAACGT,CTAACGT,7,1.959,111.633
7,32,36,36,0,6,0,6,GGCTTAC,GGCTTAC,7,1.967,111.633
7,32,36,36,7,13,7,13,GATCGTA,GATCGTA,7,1.967,111.633
7,32,36,36,14,20,14,20,GCTAGCA,GCTAGCA,7,1.967,111.633
7,32,36,36,21,27,21,27,GTTAGCT,GTTAGCT,7,1.967,111.633
7,32,36,36,28,34,28,34,AACGTTA,AACGTTA,7,1.967,111.633
7,33,37,37,0,6,0,6,ATCGTAC,ATCGTAC,7,1.967,118.398
7,33,37,37,7,13,7,13,GTTAGCT,GTTAGCT,7,1.967,118.398
7,33,37,37,14,20,14,20,AGCTAAC,AGCTAAC,7,1.967,118.398
7,33,37,37,21,27,21,27,GTTAGCG,GTTAGCG,7,1.967,118.398
7,33,37,37,28,34,28,34,TAGCTAA,TAGCTAA,7,1.967,118.398
7,34,38,38,0,6,0,6,GATCGTA,GATCGTA,7,1.974,124.578
7,34,38,38,7,13,7,13,GCTAGCT,GCTAGCT,7,1.974,124.578
7,34,38,38,14,20,14,20,AGCTAAC,AGCTAAC,7,1.974,124.578
7,34,38,38,21,27,21,27,GTTACGT,GTTACGT,7,1.974,124.578
7,34,38,38,28,34,28,34,TAGCTAG,TAGCTAG,7,1.974,124.578
7,35,39,39,0,6,0,6,TGCATGA,TGCATGA,7,2.064,131.891
7,35,39,39,7,13,7,13,CTGACTG,CTGACTG,7,2.064,131.891
7,35,39,39,14,20,14,20,ACTGACG,ACTGACG,7,2.064,131.891
7,35,39,39,21,27,21,27,TAGCTAG,TAGCTAG,7,2.064,131.891
7,35,39,39,28,34,28,34,CTAACGT,CTAACGT,7,2.064,131.891
7,36,40,40,0,6,0,6,CGTACGT,CGTACGT,7,2.067,137.055
7,36,40,40,7,13,7,13,AGCTAGC,AGCTAGC,7,2.067,137.055
7,36,40,40,14,20,14,20,TAGCTAA,TAGCTAA,7,2.067,137.055
7,36,40,40,21,27,21,27,CTGACTG,CTGACTG,7,2.067,137.055
7,36,40,40,28,34,28,34,ACTGACT,ACTGACT,7,2.067,137.055
7,37,41,41,0,6,0,6,GCTTAGC,GCTTAGC,7,2.088,143.758
7,37,41,41,7,13,7,13,GTACGTT,GTACGTT,7,2.088,143.758
7,37,41,41,14,20,14,20,AGCTAGC,AGCTAGC,7,2.088,143.758
7,37,41,41,21,27,21,27,GTAGCTA,GTAGCTA,7,2.088,143.758
7,37,41,41,28,34,28,34,GCTAACG,GCTAACG,7,2.088,143.758
7,38,42,42,0,6,0,6,TACGTTA,TACGTTA,7,2.072,158.773
7,38,42,42,7,13,7,13,GCTAGCG,GCTAGCG,7,2.072,158.773
7,38,42,42,14,20,14,20,TACGTTA,TACGTTA,7,2.072,158.773
7,38,42,42,21,27,21,27,GCTAGCT,GCTAGCT,7,2.072,158.773
7,38,42,42,28,34,28,34,AACGTTA,AACGTTA,7,2.072,158.773
7,38,42,42,35,41,35,41,GCTAGCT,GCTAGCA,6,2.072,158.773
7,39,43,43,0,6,0,6,ATCGTAG,ATCGTAG,7,2.133,166.109
7,39,43,43,7,13,7,13,CTAACGT,CTAACGT,7,2.133,166.109
7,39,43,43,14,20,14,20,TAGCTAG,TAGCTAG,7,2.133,166.109
7,39,43,43,21,27,21,27,CTAACGT,CTAACGT,7,2.133,166.109
7,39,43,43,28,34,28,34,TAGCGTA,TAGCGTA,7,2.133,166.109
7,39,43,43,35,41,35,41,CGTTAGC,CGTTAGC,7,2.133,166.109
7,40,44,44,0,6,0,6,GGATCCG,GGATCCG,7,2.150,173.852
7,40,44,44,7,13,7,13,TAGCTTA,TAGCTTA,7,2.150,173.852
7,40,44,44,14,20,14,20,CGTTACG,CGTTACG,7,2.150,173.852
7,40,44,44,21,27,21,27,ATCGTAG,ATCGTAG,7,2.150,173.852
7,40,44,44,28,34,28,34,CTAGCTA,CTAGCTA,7,2.150,173.852
7,40,44,44,35,41,35,41,ACGTTAG,ACGTTAG,7,2.150,173.852
7,41,45,45,0,6,0,6,TGCATGA,TGCATGA,7,2.197,174.992
7,41,45,45,7,13,7,13,CTGACTG,CTGACTG,7,2.197,174.992
7,41,45,45,14,20,14,20,ACTGACT,ACTGACT,7,2.197,174.992
7,41,45,45,21,27,21,27,GACTGAC,GACTGAC,7,2.197,174.992
7,41,45,45,28,34,28,34,TGACTGA,TGACTGA,7,2.197,174.992
7,41,45,45,35,41,35,41,CTGACTG,CTGACTG,7,2.197,174.992
7,42,46,47,0,6,0,6,ATGCGTT,ATGCGTT,7,2.137,190.875
7,42,46,47,7,13,7,13,AATGCGT,AATGCGT,7,2.137,190.875
7,42,46,47,14,20,14,20,TAATGCG,TAATGCG,7,2.137,190.875
7,42,46,47,21,27,21,27,TTAATGC,TTAATGC,7,2.137,190.875
7,42,46,47,28,34,28,34,GTTAATG,GTTAATG,7,2.137,190.875
7,42,46,47,35,41,35,41,CGTTAAT,CGTTAAT,7,2.137,190.875
7,43,47,47,0,6,0,6,GATTACA,GATTACA,7,2.396,195.461
7,43,47,47,7,13,7,13,GGCTTAC,GGCTTAC,7,2.396,195.461
7,43,47,47,14,20,14,20,GAATCGT,GAATCGT,7,2.396,195.461
7,43,47,47,21,27,21,27,ACGTTAG,ACGTTAG,7,2.396,195.461
7,43,47,47,28,34,28,34,CTAGCTA,CTAGCTA,7,2.396,195.461
7,43,47,47,35,41,35,41,ACGTTAG,ACGTTAG,7,2.396,195.461
7,44,47,48,0,6,0,6,CGTACGT,CGTACGT,7,2.473,194.016
7,44,47,48,7,13,7,13,TAGCTAG,TAGCTAG,7,2.473,194.016
7,44,47,48,14,20,14,20,CTAACGT,CTAACGT,7,2.473,194.016
7,44,47,48,21,27,21,27,AGCTAGC,AGCTAGC,7,2.473,194.016
7,44,47,48,28,34,28,34,TAACGTT,TAACGTT,7,2.473,194.016
7,44,47,48,35,41,35,41,AGCTAGC,AGCTAGC,7,2.473,194.016
7,45,47,48,0,6,0,6,TGCATGA,TGCATGA,7,2.511,190.375
7,45,47,48,7,13,7,13,CTGACTG,CTGACTG,7,2.511,190.375
7,45,47,48,14,20,14,20,ACAGACT,ACAGACT,7,2.511,190.375
7,45,47,48,21,27,21,27,GACTGAC,GACTGAC,7,2.511,190.375
7,45,47,48,28,34,28,34,TGACTGA,TGACTGA,7,2.511,190.375
7,45,47,48,35,41,35,41,CTGACTG,CTGACTG,7,2.511,190.375
7,46,48,48,0,6,0,6,ATGCGTA,ATGCGTA,7,2.252,198.516
7,46,48,48,7,13,7,13,CGTTAGC,CGTTAGC,7,2.252,198.516
7,46,48,48,14,20,14,20,GTACGTT,GTACGTT,7,2.252,198.516
7,46,48,48,21,27,21,27,AGCGTAC,AGCGTAC,7,2.252,198.516
7,46,48,48,28,34,28,34,GTTAGCG,GTTAGCG,7,2.252,198.516
7,46,48,48,35,41,35,41,TACGTTA,TACGTTA,7,2.252,198.516
7,47,49,49,0,6,0,6,CGTAGCT,CGTAGCT,7,2.139,204.695
7,47,49,49,7,13,7,13,AGCTAAC,AGCTAAC,7,2.139,204.695
7,47,49,49,14,20,14,20,GTTACGA,GTTACGA,7,2.139,204.695
7,47,49,49,21,27,21,27,TCGTAGC,TCGTAGC,7,2.139,204.695
7,47,49,49,28,34,28,34,TAGCTAA,TAGCTAA,7,2.139,204.695
7,47,49,49,35,41,35,41,CGTTAGC,CGTTAGC,7,2.139,204.695
7,47,49,49,42,48,42,48,TAGCTAA,TAGCTAT,6,2.139,204.695
7,48,49,49,0,6,0,6,GCTAGCG,GCTAGCG,7,2.109,202.805
7,48,49,49,7,13,7,13,TACGTAG,TACGTAG,7,2.109,202.805
7,48,49,49,14,20,14,20,CTAGCTA,CTAGCTA,7,2.109,202.805
7,48,49,49,21,27,21,27,ACGTTAG,ACGTTAG,7,2.109,202.805
7,48,49,49,28,34,28,34,CTAGCTA,CTAGCTA,7,2.109,202.805
7,48,49,49,35,41,35,41,ACGTTAG,ACGTTAG,7,2.109,202.805
7,48,49,49,42,48,42,48,CTAGCTA,CTAGCTT,6,2.109,202.805
7,49,49,49,0,6,0,6,TACGTTA,TACGTTA,7,2.121,203.234
7,49,49,49,7,13,7,13,GCTAGCT,GCTAGCT,7,2.121,203.234
7,49,49,49,14,20,14,20,AGCGTTA,AGCGTTA,7,2.121,203.234
7,49,49,49,21,27,21,27,ATCGTAG,ATCGTAG,7,2.121,203.234
7,49,49,49,28,34,28,34,CTAACGT,CTAACGT,7,2.121,203.234
7,49,49,49,35,41,35,41,TAGCTAG,TAGCTAG,7,2.121,203.234
7,49,49,49,42,48,42,48,CTAACGT,CTAACGC,6,2.121,203.234
7,50,50,50,0,6,0,6,GGCTTAC,GGCTTAC,7,2.175,221.945
7,50,50,50,7,13,7,13,GATCGTA,GATCGTA,7,2.175,221.945
7,50,50,50,14,20,14,20,GCTAGCA,GCTAGCA,7,2.175,221.945
7,50,50,50,21,27,21,27,GTTAGCT,GTTAGCT,7,2.175,221.945
7,50,50,50,28,34,28,34,AACGTTA,AACGTTA,7,2.175,221.945
7,50,50,50,35,41,35,41,GCTAGCT,GCTAGCT,7,2.175,221.945
7,50,50,50,42,48,42,48,AACGTTA,AACGTTA,7,2.175,221.945
8,1,10,10,0,7,0,7,ATGCTACG,ATGCTACG,8,1.904,4.031
8,2,13,13,0,7,0,7,GATTACAG,GATTACAG,8,1.918,5.313
8,3,15,15,0,7,0,7,TGCATGAC,TGCATGAC,8,1.895,10.344
8,4,17,17,0,7,0,7,ATCGTAGC,ATCGTAGC,8,1.855,15.563
8,4,17,17,8,15,8,15,TAGCTAGC,TAGCTAGC,8,1.855,15.563
8,5,20,20,0,7,0,7,GGATCCGT,GGATCCGT,8,1.862,22.180
8,5,20,20,8,15,8,15,AGCTAGCT,AGCTAGCT,8,1.862,22.180
8,6,22,23,0,7,0,7,ATGCGTTA,ATGCGTTA,8,1.893,32.070
8,6,22,23,8,15,8,15,ATGCGTTA,ATGCGTTA,8,1.893,32.070
8,7,22,23,0,7,0,7,GATTACAG,GATTACAG,8,1.884,32.070
8,7,22,23,8,15,8,15,GCTTACGA,GCTTACGA,8,1.884,32.070
8,8,22,22,0,7,0,7,CGTACGTT,CGTACGTT,8,1.975,29.438
8,8,22,22,8,15,8,15,AGCTAGCT,AGCTAGCT,8,1.975,29.438
8,9,23,23,0,7,0,7,TGCATGAC,TGCATGAC,8,1.972,33.484
8,9,23,23,8,15,8,15,TGACTGAC,TGACTGAC,8,1.972,33.484
8,10,24,24,0,7,0,7,ATGCGTAC,ATGCGTAC,8,1.933,38.680
8,10,24,24,8,15,8,15,GTTAGCGT,GTTAGCGT,8,1.933,38.680
8,10,24,24,16,23,16,23,ACGTTAGC,ACGTTAGT,7,1.933,38.680
8,11,25,25,0,7,0,7,CGTAGCTA,CGTAGCTA,8,1.947,41.992
8,11,25,25,8,15,8,15,GCTAACGT,GCTAACGT,8,1.947,41.992
8,11,25,25,16,23,16,23,TACGATGC,TACGATGC,8,1.947,41.992
8,12,25,25,0,7,0,7,GCTAGCGT,GCTAGCGT,8,1.917,41.992
8,12,25,25,8,15,8,15,ACGTAGCT,ACGTAGCT,8,1.917,41.992
8,12,25,25,16,23,16,23,AGCTAACG,AGCTAACG,8,1.917,41.992
8,13,26,26,0,7,0,7,TACGTTAG,TACGTTAG,8,1.883,43.844
8,13,26,26,8,15,8,15,CTAGCTAG,CTAGCTAG,8,1.883,43.844
8,13,26,26,16,23,16,23,CGTTAATC,CGTTAATC,8,1.883,43.844
8,14,26,26,0,7,0,7,GGCTTACG,GGCTTACG,8,1.919,43.844
8,14,26,26,8,15,8,15,ATCGTAGC,ATCGTAGC,8,1.919,43.844
8,14,26,26,16,23,16,23,TAGCAGTT,TAGCAGTT,8,1.919,43.844
8,15,27,27,0,7,0,7,ATCGTACG,ATCGTACG,8,1.896,52.219
8,15,27,27,8,15,8,15,TTAGCTAG,TTAGCTAG,8,1.896,52.219
8,15,27,27,16,23,16,23,CTAACGTT,CTAACGTT,8,1.896,52.219
8,16,28,28,0,7,0,7,GATCGTAG,GATCGTAG,8,1.998,54.797
8,16,28,28,8,15,8,15,CTAGCTAG,CTAGCTAG,8,1.998,54.797
8,16,28,28,16,23,16,23,CTAACGTT,CTAACGTT,8,1.998,54.797
8,17,28,28,0,7,0,7,TGCATGAC,TGCATGAC,8,2.046,54.797
8,17,28,28,8,15,8,15,TGACTGAC,TGACTGAC,8,2.046,54.797
8,17,28,28,16,23,16,23,TGACGTAG,TGACGTAG,8,2.046,54.797
8,18,29,29,0,7,0,7,CGTACGTA,CGTACGTA,8,1.947,58.930
8,18,29,29,8,15,8,15,GCTAGCTA,GCTAGCTA,8,1.947,58.930
8,18,29,29,16,23,16,23,GCTAACTG,GCTAACTG,8,1.947,58.930
8,19,30,30,0,7,0,7,GCTTAGCG,GCTTAGCG,8,1.913,65.148
8,19,30,30,8,15,8,15,TACGTTAG,TACGTTAG,8,1.913,65.148
8,19,30,30,16,23,16,23,CTAGCGTA,CTAGCGTA,8,1.913,65.148
8,20,31,31,0,7,0,7,TACGTTAG,TACGTTAG,8,1.888,72.711
8,20,31,31,8,15,8,15,CTAGCGTA,CTAGCGTA,8,1.888,72.711
8,20,31,31,16,23,16,23,CGTTAGCT,CGTTAGCT,8,1.888,72.711
8,21,32,32,0,7,0,7,ATCGTAGC,ATCGTAGC,8,1.993,78.906
8,21,32,32,8,15,8,15,TAACGTTA,TAACGTTA,8,1.993,78.906
8,21,32,32,16,23,16,23,GCTAGCTA,GCTAGCTA,8,1.993,78.906
8,21,32,32,24,31,24,31,ACGTTAGC,ACGTTAGT,7,1.993,78.906
8,22,32,32,0,7,0,7,GGATCCGT,GGATCCGT,8,1.965,78.906
8,22,32,32,8,15,8,15,AGCTTACG,AGCTTACG,8,1.965,78.906
8,22,32,32,16,23,16,23,TTACGATC,TTACGATC,8,1.965,78.906
8,22,32,32,24,31,24,31,GTAGCTAG,GTAGCTAA,7,1.965,78.906
8,23,32,32,0,7,0,7,TGCATGAC,TGCATGAC,8,1.933,78.906
8,23,32,32,8,15,8,15,TGACTGAC,TGACTGAC,8,1.933,78.906
8,23,32,32,16,23,16,23,TGACTGAC,TGACTGAC,8,1.933,78.906
8,23,32,32,24,31,24,31,TGACTGAC,TGACTGAT,7,1.933,78.906
8,24,32,32,0,7,0,7,ATGCGTTA,ATGCGTTA,8,1.962,78.906
8,24,32,32,8,15,8,15,ATGCGTTA,ATGCGTTA,8,1.962,78.906
8,24,32,32,16,23,16,23,ATGCGTTA,ATGCGTTA,8,1.962,78.906
8,24,32,32,24,31,24,31,ATGCGTTA,ATGCGTTG,7,1.962,78.906
8,25,33,33,0,7,0,7,GATTACAG,GATTACAG,8,1.982,85.719
8,25,33,33,8,15,8,15,GCTTACGA,GCTTACGA,8,1.982,85.719
8,25,33,33,16,23,16,23,ATCGTACG,ATCGTACG,8,1.982,85.719
8,25,33,33,24,31,24,31,TTAGCTAG,TTAGCTAG,8,1.982,85.719
8,26,33,34,0,7,0,7,CGTACGTT,CGTACGTT,8,1.960,86.688
8,26,33,34,8,15,8,15,AGCTAGCT,AGCTAGCT,8,1.960,86.688
8,26,33,34,16,23,16,23,AACGTAGC,AACGTAGC,8,1.960,86.688
8,26,33,34,24,31,24,31,TAGCTAAC,TAGCTAAC,8,1.960,86.688
8,27,34,35,0,7,0,7,TGCATGAC,TGCATGAC,8,1.965,91.813
8,27,34,35,8,15,8,15,TGACTGAC,TGACTGAC,8,1.965,91.813
8,27,34,35,16,23,16,23,AGACTGAC,AGACTGAC,8,1.965,91.813
8,27,34,35,24,31,24,31,TGACTGAC,TGACTGAC,8,1.965,91.813
8,28,34,35,0,7,0,7,ATGCGTAC,ATGCGTAC,8,1.981,91.813
8,28,34,35,8,15,8,15,GTTAGCGT,GTTAGCGT,8,1.981,91.813
8,28,34,35,16,23,16,23,ACGTTAGC,ACGTTAGC,8,1.981,91.813
8,28,34,35,24,31,24,31,GTACGTTA,GTACGTTA,8,1.981,91.813
8,29,35,35,0,7,0,7,CGTAGCTA,CGTAGCTA,8,2.004,95.039
8,29,35,35,8,15,8,15,GCTAACGT,GCTAACGT,8,2.004,95.039
8,29,35,35,16,23,16,23,TACGATCG,TACGATCG,8,2.004,95.039
8,29,35,35,24,31,24,31,TAGCTAGC,TAGCTAGC,8,2.004,95.039
8,30,35,35,0,7,0,7,GCTAGCGT,GCTAGCGT,8,1.951,93.414
8,30,35,35,8,15,8,15,ACGTAGCT,ACGTAGCT,8,1.951,93.414
8,30,35,35,16,23,16,23,AGCTAACG,AGCTAACG,8,1.951,93.414
8,30,35,35,24,31,24,31,TTAGCTAG,TTAGCTAG,8,1.951,93.414
8,31,36,36,0,7,0,7,TACGTTAG,TACGTTAG,8,2.065,108.055
8,31,36,36,8,15,8,15,CTAGCTAG,CTAGCTAG,8,2.065,108.055
8,31,36,36,16,23,16,23,CGTTAATC,CGTTAATC,8,2.065,108.055
8,31,36,36,24,31,24,31,GTAGCTAA,GTAGCTAA,8,2.065,108.055
8,32,36,36,0,7,0,7,GGCTTACG,GGCTTACG,8,2.105,108.055
8,32,36,36,8,15,8,15,ATCGTAGC,ATCGTAGC,8,2.105,108.055
8,32,36,36,16,23,16,23,TAGCAGTT,TAGCAGTT,8,2.105,108.055
8,32,36,36,24,31,24,31,AGCTAACG,AGCTAACG,8,2.105,108.055
8,33,37,37,0,7,0,7,ATCGTACG,ATCGTACG,8,2.086,111.633
8,33,37,37,8,15,8,15,TTAGCTAG,TTAGCTAG,8,2.086,111.633
8,33,37,37,16,23,16,23,CTAACGTT,CTAACGTT,8,2.086,111.633
8,33,37,37,24,31,24,31,AGCGTAGC,AGCGTAGC,8,2.086,111.633
8,34,38,38,0,7,0,7,GATCGTAG,GATCGTAG,8,2.076,118.398
8,34,38,38,8,15,8,15,CTAGCTAG,CTAGCTAG,8,2.076,118.398
8,34,38,38,16,23,16,23,CTAACGTT,CTAACGTT,8,2.076,118.398
8,34,38,38,24,31,24,31,ACGTTAGC,ACGTTAGC,8,2.076,118.398
8,35,39,39,0,7,0,7,TGCATGAC,TGCATGAC,8,2.097,124.578
8,35,39,39,8,15,8,15,TGACTGAC,TGACTGAC,8,2.097,124.578
8,35,39,39,16,23,16,23,TGACGTAG,TGACGTAG,8,2.097,124.578
8,35,39,39,24,31,24,31,CTAGCTAA,CTAGCTAA,8,2.097,124.578
8,36,40,40,0,7,0,7,CGTACGTA,CGTACGTA,8,2.098,131.891
8,36,40,40,8,15,8,15,GCTAGCTA,GCTAGCTA,8,2.098,131.891
8,36,40,40,16,23,16,23,GCTAACTG,GCTAACTG,8,2.098,131.891
8,36,40,40,24,31,24,31,ACTGACTG,ACTGACTG,8,2.098,131.891
8,36,40,40,32,39,32,39,ACTGACTG,ACTGACTA,7,2.098,131.891
8,37,41,41,0,7,0,7,GCTTAGCG,GCTTAGCG,8,2.061,137.055
8,37,41,41,8,15,8,15,TACGTTAG,TACGTTAG,8,2.061,137.055
8,37,41,41,16,23,16,23,CTAGCGTA,CTAGCGTA,8,2.061,137.055
8,37,41,41,24,31,24,31,GCTAGCTA,GCTAGCTA,8,2.061,137.055
8,37,41,41,32,39,32,39,ACGTTAGC,ACGTTAGC,8,2.061,137.055
8,38,42,42,0,7,0,7,TACGTTAG,TACGTTAG,8,2.063,143.758
8,38,42,42,8,15,8,15,CTAGCGTA,CTAGCGTA,8,2.063,143.758
8,38,42,42,16,23,16,23,CGTTAGCT,CGTTAGCT,8,2.063,143.758
8,38,42,42,24,31,24,31,AGCTAACG,AGCTAACG,8,2.063,143.758
8,38,42,42,32,39,32,39,TTAGCTAG,TTAGCTAG,8,2.063,143.758
8,39,43,43,0,7,0,7,ATCGTAGC,ATCGTAGC,8,2.137,158.773
8,39,43,43,8,15,8,15,TAACGTTA,TAACGTTA,8,2.137,158.773
8,39,43,43,16,23,16,23,GCTAGCTA,GCTAGCTA,8,2.137,158.773
8,39,43,43,24,31,24,31,ACGTTAGC,ACGTTAGC,8,2.137,158.773
8,39,43,43,32,39,32,39,GTACGTTA,GTACGTTA,8,2.137,158.773
8,40,44,44,0,7,0,7,GGATCCGT,GGATCCGT,8,2.142,165.852
8,40,44,44,8,15,8,15,AGCTTACG,AGCTTACG,8,2.142,165.852
8,40,44,44,16,23,16,23,TTACGATC,TTACGATC,8,2.142,165.852
8,40,44,44,24,31,24,31,GTAGCTAG,GTAGCTAG,8,2.142,165.852
8,40,44,44,32,39,32,39,CTAACGTT,CTAACGTT,8,2.142,165.852
8,41,45,45,0,7,0,7,TGCATGAC,TGCATGAC,8,2.062,171.102
8,41,45,45,8,15,8,15,TGACTGAC,TGACTGAC,8,2.062,171.102
8,41,45,45,16,23,16,23,TGACTGAC,TGACTGAC,8,2.062,171.102
8,41,45,45,24,31,24,31,TGACTGAC,TGACTGAC,8,2.062,171.102
8,41,45,45,32,39,32,39,TGACTGAC,TGACTGAC,8,2.062,171.102
8,42,46,47,0,7,0,7,ATGCGTTA,ATGCGTTA,8,2.037,184.297
8,42,46,47,8,15,8,15,ATGCGTTA,ATGCGTTA,8,2.037,184.297
8,42,46,47,16,23,16,23,ATGCGTTA,ATGCGTTA,8,2.037,184.297
8,42,46,47,24,31,24,31,ATGCGTTA,ATGCGTTA,8,2.037,184.297
8,42,46,47,32,39,32,39,ATGCGTTA,ATGCGTTA,8,2.037,184.297
8,43,47,47,0,7,0,7,GATTACAG,GATTACAG,8,2.075,187.344
8,43,47,47,8,15,8,15,GCTTACGA,GCTTACGA,8,2.075,187.344
8,43,47,47,16,23,16,23,ATCGTACG,ATCGTACG,8,2.075,187.344
8,43,47,47,24,31,24,31,TTAGCTAG,TTAGCTAG,8,2.075,187.344
8,43,47,47,32,39,32,39,CTAACGTT,CTAACGTT,8,2.075,187.344
8,44,47,48,0,7,0,7,CGTACGTT,CGTACGTT,8,2.042,185.781
8,44,47,48,8,15,8,15,AGCTAGCT,AGCTAGCT,8,2.042,185.781
8,44,47,48,16,23,16,23,AACGTAGC,AACGTAGC,8,2.042,185.781
8,44,47,48,24,31,24,31,TAGCTAAC,TAGCTAAC,8,2.042,185.781
8,44,47,48,32,39,32,39,GTTAGCTA,GTTAGCTA,8,2.042,185.781
8,45,47,48,0,7,0,7,TGCATGAC,TGCATGAC,8,2.022,184.305
8,45,47,48,8,15,8,15,TGACTGAC,TGACTGAC,8,2.022,184.305
8,45,47,48,16,23,16,23,AGACTGAC,AGACTGAC,8,2.022,184.305
8,45,47,48,24,31,24,31,TGACTGAC,TGACTGAC,8,2.022,184.305
8,45,47,48,32,39,32,39,TGACTGAC,TGACTGAC,8,2.022,184.305
8,46,48,48,0,7,0,7,ATGCGTAC,ATGCGTAC,8,2.137,194.680
8,46,48,48,8,15,8,15,GTTAGCGT,GTTAGCGT,8,2.137,194.680
8,46,48,48,16,23,16,23,ACGTTAGC,ACGTTAGC,8,2.137,194.680
8,46,48,48,24,31,24,31,GTACGTTA,GTACGTTA,8,2.137,194.680
8,46,48,48,32,39,32,39,GCGTACGT,GCGTACGT,8,2.137,194.680
8,46,48,48,40,47,40,47,TAGCGTAC,TAGCGTAT,7,2.137,194.680
8,47,49,49,0,7,0,7,CGTAGCTA,CGTAGCTA,8,2.092,198.883
8,47,49,49,8,15,8,15,GCTAACGT,GCTAACGT,8,2.092,198.883
8,47,49,49,16,23,16,23,TACGATCG,TACGATCG,8,2.092,198.883
8,47,49,49,24,31,24,31,TAGCTAGC,TAGCTAGC,8,2.092,198.883
8,47,49,49,32,39,32,39,TAACGTTA,TAACGTTA,8,2.092,198.883
8,47,49,49,40,47,40,47,GCTAGCTA,GCTAGCTA,8,2.092,198.883
8,48,49,49,0,7,0,7,GCTAGCGT,GCTAGCGT,8,2.030,198.328
8,48,49,49,8,15,8,15,ACGTAGCT,ACGTAGCT,8,2.030,198.328
8,48,49,49,16,23,16,23,AGCTAACG,AGCTAACG,8,2.030,198.328
8,48,49,49,24,31,24,31,TTAGCTAG,TTAGCTAG,8,2.030,198.328
8,48,49,49,32,39,32,39,CTAACGTT,CTAACGTT,8,2.030,198.328
8,48,49,49,40,47,40,47,AGCTAGCT,AGCTAGCT,8,2.030,198.328
8,49,49,49,0,7,0,7,TACGTTAG,TACGTTAG,8,2.051,197.852
8,49,49,49,8,15,8,15,CTAGCTAG,CTAGCTAG,8,2.051,197.852
8,49,49,49,16,23,16,23,CGTTAATC,CGTTAATC,8,2.051,197.852
8,49,49,49,24,31,24,31,GTAGCTAA,GTAGCTAA,8,2.051,197.852
8,49,49,49,32,39,32,39,CGTTAGCT,CGTTAGCT,8,2.051,197.852
8,49,49,49,40,47,40,47,AGCTAACG,AGCTAACG,8,2.051,197.852
8,50,50,50,0,7,0,7,GGCTTACG,GGCTTACG,8,2.198,206.211
8,50,50,50,8,15,8,15,ATCGTAGC,ATCGTAGC,8,2.198,206.211
8,50,50,50,16,23,16,23,TAGCAGTT,TAGCAGTT,8,2.198,206.211
8,50,50,50,24,31,24,31,AGCTAACG,AGCTAACG,8,2.198,206.211
8,50,50,50,32,39,32,39,TTAGCTAG,TTAGCTAG,8,2.198,206.211
8,50,50,50,40,47,40,47,CTAACGTT,CTAACGTT,8,2.198,206.211
9,1,10,10,0,8,0,8,ATGCTACGT,ATGCTACGT,9,1.880,3.750
9,2,13,13,0,8,0,8,GATTACAGG,GATTACAGG,9,1.833,5.180
9,3,15,15,0,8,0,8,TGCATGACT,TGCATGACT,9,1.910,7.766
9,4,17,17,0,8,0,8,ATCGTAGCT,ATCGTAGCT,9,1.993,13.406
9,5,20,20,0,8,0,8,GGATCCGTA,GGATCCGTA,9,1.893,21.172
9,5,20,20,9,17,9,17,GCTAGCTTA,GCTAGCTTA,9,1.893,21.172
9,6,22,23,0,8,0,8,ATGCGTTAA,ATGCGTTAA,9,1.871,28.992
9,6,22,23,9,17,9,17,TGCGTTAAT,TGCGTTAAT,9,1.871,28.992
9,7,22,23,0,8,0,8,GATTACAGG,GATTACAGG,9,1.946,28.992
9,7,22,23,9,17,9,17,CTTACGAAT,CTTACGAAT,9,1.946,28.992
9,8,22,22,0,8,0,8,CGTACGTTA,CGTACGTTA,9,1.884,28.500
9,8,22,22,9,17,9,17,GCTAGCTAA,GCTAGCTAA,9,1.884,28.500
9,9,23,23,0,8,0,8,TGCATGACT,TGCATGACT,9,1.884,31.094
9,9,23,23,9,17,9,17,GACTGACAG,GACTGACAG,9,1.884,31.094
9,10,24,24,0,8,0,8,ATGCGTACG,ATGCGTACG,9,1.886,35.875
9,10,24,24,9,17,9,17,TTAGCGTAC,TTAGCGTAC,9,1.886,35.875
9,11,25,25,0,8,0,8,CGTAGCTAG,CGTAGCTAG,9,1.920,40.305
9,11,25,25,9,17,9,17,CTAACGTTA,CTAACGTTA,9,1.920,40.305
9,12,25,25,0,8,0,8,GCTAGCGTA,GCTAGCGTA,9,1.936,40.305
9,12,25,25,9,17,9,17,CGTAGCTAG,CGTAGCTAG,9,1.936,40.305
9,13,26,26,0,8,0,8,TACGTTAGC,TACGTTAGC,9,1.905,44.063
9,13,26,26,9,17,9,17,TAGCTAGCG,TAGCTAGCG,9,1.905,44.063
9,14,26,26,0,8,0,8,GGCTTACGA,GGCTTACGA,9,1.935,44.063
9,14,26,26,9,17,9,17,TCGTAGCTA,TCGTAGCTA,9,1.935,44.063
9,15,27,27,0,8,0,8,ATCGTACGT,ATCGTACGT,9,1.900,49.234
9,15,27,27,9,17,9,17,TAGCTAGCT,TAGCTAGCT,9,1.900,49.234
9,15,27,27,18,26,18,26,AACGTTAGC,AACGTTAGT,8,1.900,49.234
9,16,28,28,0,8,0,8,GATCGTAGC,GATCGTAGC,9,1.943,55.023
9,16,28,28,9,17,9,17,TAGCTAGCT,TAGCTAGCT,9,1.943,55.023
9,16,28,28,18,26,18,26,AACGTTACG,AACGTTACG,9,1.943,55.023
9,17,28,28,0,8,0,8,TGCATGACT,TGCATGACT,9,1.893,55.023
9,17,28,28,9,17,9,17,GACTGACTG,GACTGACTG,9,1.893,55.023
9,17,28,28,18,26,18,26,ACGTAGCTA,ACGTAGCTA,9,1.893,55.023
9,18,29,29,0,8,0,8,CGTACGTAG,CGTACGTAG,9,1.911,60.195
9,18,29,29,9,17,9,17,CTAGCTAGC,CTAGCTAGC,9,1.911,60.195
9,18,29,29,18,26,18,26,TAACTGACT,TAACTGACT,9,1.911,60.195
9,19,30,30,0,8,0,8,GCTTAGCGT,GCTTAGCGT,9,1.918,64.375
9,19,30,30,9,17,9,17,ACGTTAGCT,ACGTTAGCT,9,1.918,64.375
9,19,30,30,18,26,18,26,AGCGTAGCT,AGCGTAGCT,9,1.918,64.375
9,20,31,31,0,8,0,8,TACGTTAGC,TACGTTAGC,9,1.956,69.570
9,20,31,31,9,17,9,17,TAGCGTACG,TAGCGTACG,9,1.956,69.570
9,20,31,31,18,26,18,26,TTAGCTAGC,TTAGCTAGC,9,1.956,69.570
9,21,32,32,0,8,0,8,ATCGTAGCT,ATCGTAGCT,9,2.045,77.992
9,21,32,32,9,17,9,17,AACGTTAGC,AACGTTAGC,9,2.045,77.992
9,21,32,32,18,26,18,26,TAGCTAACG,TAGCTAACG,9,2.045,77.992
9,22,32,32,0,8,0,8,GGATCCGTA,GGATCCGTA,9,1.965,77.992
9,22,32,32,9,17,9,17,GCTTACGTT,GCTTACGTT,9,1.965,77.992
9,22,32,32,18,26,18,26,ACGATCGTA,ACGATCGTA,9,1.965,77.992
9,23,32,32,0,8,0,8,TGCATGACT,TGCATGACT,9,1.941,77.992
9,23,32,32,9,17,9,17,GACTGACTG,GACTGACTG,9,1.941,77.992
9,23,32,32,18,26,18,26,ACTGACTGA,ACTGACTGA,9,1.941,77.992
9,24,32,32,0,8,0,8,ATGCGTTAA,ATGCGTTAA,9,1.931,77.992
9,24,32,32,9,17,9,17,TGCGTTAAT,TGCGTTAAT,9,1.931,77.992
9,24,32,32,18,26,18,26,GCGTTAATG,GCGTTAATG,9,1.931,77.992
9,25,33,33,0,8,0,8,GATTACAGG,GATTACAGG,9,1.961,87.422
9,25,33,33,9,17,9,17,CTTACGAAT,CTTACGAAT,9,1.961,87.422
9,25,33,33,18,26,18,26,CGTACGTTA,CGTACGTTA,9,1.961,87.422
9,26,33,34,0,8,0,8,CGTACGTTA,CGTACGTTA,9,1.958,88.391
9,26,33,34,9,17,9,17,GCTAGCTAA,GCTAGCTAA,9,1.958,88.391
9,26,33,34,18,26,18,26,CGTAGCTAG,CGTAGCTAG,9,1.958,88.391
9,27,34,35,0,8,0,8,TGCATGACT,TGCATGACT,9,1.940,91.977
9,27,34,35,9,17,9,17,GACTGACAG,GACTGACAG,9,1.940,91.977
9,27,34,35,18,26,18,26,ACTGACTGA,ACTGACTGA,9,1.940,91.977
9,28,34,35,0,8,0,8,ATGCGTACG,ATGCGTACG,9,2.022,93.602
9,28,34,35,9,17,9,17,TTAGCGTAC,TTAGCGTAC,9,2.022,93.602
9,28,34,35,18,26,18,26,GTTAGCGTA,GTTAGCGTA,9,2.022,93.602
9,29,35,35,0,8,0,8,CGTAGCTAG,CGTAGCTAG,9,1.972,96.195
9,29,35,35,9,17,9,17,CTAACGTTA,CTAACGTTA,9,1.972,96.195
9,29,35,35,18,26,18,26,CGATCGTAG,CGATCGTAG,9,1.972,96.195
9,30,35,35,0,8,0,8,GCTAGCGTA,GCTAGCGTA,9,1.947,94.570
9,30,35,35,9,17,9,17,CGTAGCTAG,CGTAGCTAG,9,1.947,94.570
9,30,35,35,18,26,18,26,CTAACGTTA,CTAACGTTA,9,1.947,94.570
9,31,36,36,0,8,0,8,TACGTTAGC,TACGTTAGC,9,1.962,102.953
9,31,36,36,9,17,9,17,TAGCTAGCG,TAGCTAGCG,9,1.962,102.953
9,31,36,36,18,26,18,26,TTAATCGTA,TTAATCGTA,9,1.962,102.953
9,31,36,36,27,35,27,35,GCTAACGTT,GCTAACGTA,8,1.962,102.953
9,32,36,36,0,8,0,8,GGCTTACGA,GGCTTACGA,9,1.987,102.953
9,32,36,36,9,17,9,17,TCGTAGCTA,TCGTAGCTA,9,1.987,102.953
9,32,36,36,18,26,18,26,GCAGTTAGC,GCAGTTAGC,9,1.987,102.953
9,32,36,36,27,35,27,35,TAACGTTAG,TAACGTTAT,8,1.987,102.953
9,33,37,37,0,8,0,8,ATCGTACGT,ATCGTACGT,9,1.927,114.398
9,33,37,37,9,17,9,17,TAGCTAGCT,TAGCTAGCT,9,1.927,114.398
9,33,37,37,18,26,18,26,AACGTTAGC,AACGTTAGC,9,1.927,114.398
9,33,37,37,27,35,27,35,GTAGCTAAC,GTAGCTAAC,9,1.927,114.398
9,34,38,38,0,8,0,8,GATCGTAGC,GATCGTAGC,9,2.055,121.172
9,34,38,38,9,17,9,17,TAGCTAGCT,TAGCTAGCT,9,2.055,121.172
9,34,38,38,18,26,18,26,AACGTTACG,AACGTTACG,9,2.055,121.172
9,34,38,38,27,35,27,35,TTAGCTAGC,TTAGCTAGC,9,2.055,121.172
9,35,39,39,0,8,0,8,TGCATGACT,TGCATGACT,9,2.109,127.344
9,35,39,39,9,17,9,17,GACTGACTG,GACTGACTG,9,2.109,127.344
9,35,39,39,18,26,18,26,ACGTAGCTA,ACGTAGCTA,9,2.109,127.344
9,35,39,39,27,35,27,35,GCTAACGTT,GCTAACGTT,9,2.109,127.344
9,36,40,40,0,8,0,8,CGTACGTAG,CGTACGTAG,9,2.210,135.117
9,36,40,40,9,17,9,17,CTAGCTAGC,CTAGCTAGC,9,2.210,135.117
9,36,40,40,18,26,18,26,TAACTGACT,TAACTGACT,9,2.210,135.117
9,36,40,40,27,35,27,35,GACTGACTG,GACTGACTG,9,2.210,135.117
9,37,41,41,0,8,0,8,GCTTAGCGT,GCTTAGCGT,9,2.122,141.891
9,37,41,41,9,17,9,17,ACGTTAGCT,ACGTTAGCT,9,2.122,141.891
9,37,41,41,18,26,18,26,AGCGTAGCT,AGCGTAGCT,9,2.122,141.891
9,37,41,41,27,35,27,35,AGCTAACGT,AGCTAACGT,9,2.122,141.891
9,38,42,42,0,8,0,8,TACGTTAGC,TACGTTAGC,9,2.054,149.680
9,38,42,42,9,17,9,17,TAGCGTACG,TAGCGTACG,9,2.054,149.680
9,38,42,42,18,26,18,26,TTAGCTAGC,TTAGCTAGC,9,2.054,149.680
9,38,42,42,27,35,27,35,TAACGTTAG,TAACGTTAG,9,2.054,149.680
9,39,43,43,0,8,0,8,ATCGTAGCT,ATCGTAGCT,9,2.012,157.477
9,39,43,43,9,17,9,17,AACGTTAGC,AACGTTAGC,9,2.012,157.477
9,39,43,43,18,26,18,26,TAGCTAACG,TAGCTAACG,9,2.012,157.477
9,39,43,43,27,35,27,35,TTAGCGTAC,TTAGCGTAC,9,2.012,157.477
9,40,44,44,0,8,0,8,GGATCCGTA,GGATCCGTA,9,2.025,172.500
9,40,44,44,9,17,9,17,GCTTACGTT,GCTTACGTT,9,2.025,172.500
9,40,44,44,18,26,18,26,ACGATCGTA,ACGATCGTA,9,2.025,172.500
9,40,44,44,27,35,27,35,GCTAGCTAA,GCTAGCTAA,9,2.025,172.500
9,41,45,45,0,8,0,8,TGCATGACT,TGCATGACT,9,1.993,178.602
9,41,45,45,9,17,9,17,GACTGACTG,GACTGACTG,9,1.993,178.602
9,41,45,45,18,26,18,26,ACTGACTGA,ACTGACTGA,9,1.993,178.602
9,41,45,45,27,35,27,35,CTGACTGAC,CTGACTGAC,9,1.993,178.602
9,41,45,45,36,44,36,44,TGACTGACT,TGACTGATA,7,1.993,178.602
9,42,46,47,0,8,0,8,ATGCGTTAA,ATGCGTTAA,9,1.992,190.578
9,42,46,47,9,17,9,17,TGCGTTAAT,TGCGTTAAT,9,1.992,190.578
9,42,46,47,18,26,18,26,GCGTTAATG,GCGTTAATG,9,1.992,190.578
9,42,46,47,27,35,27,35,CGTTAATGC,CGTTAATGC,9,1.992,190.578
9,42,46,47,36,44,36,44,GTTAATGCG,GTTAATGCG,9,1.992,190.578
9,43,47,47,0,8,0,8,GATTACAGG,GATTACAGG,9,2.154,193.430
9,43,47,47,9,17,9,17,CTTACGAAT,CTTACGAAT,9,2.154,193.430
9,43,47,47,18,26,18,26,CGTACGTTA,CGTACGTTA,9,2.154,193.430
9,43,47,47,27,35,27,35,GCTAGCTAA,GCTAGCTAA,9,2.154,193.430
9,43,47,47,36,44,36,44,CGTTAGCTA,CGTTAGCTA,9,2.154,193.430
9,44,47,48,0,8,0,8,CGTACGTTA,CGTACGTTA,9,2.136,193.047
9,44,47,48,9,17,9,17,GCTAGCTAA,GCTAGCTAA,9,2.136,193.047
9,44,47,48,18,26,18,26,CGTAGCTAG,CGTAGCTAG,9,2.136,193.047
9,44,47,48,27,35,27,35,CTAACGTTA,CTAACGTTA,9,2.136,193.047
9,44,47,48,36,44,36,44,GCTAGCTAA,GCTAGCTAA,9,2.136,193.047
9,45,47,48,0,8,0,8,TGCATGACT,TGCATGACT,9,2.201,189.906
9,45,47,48,9,17,9,17,GACTGACAG,GACTGACAG,9,2.201,189.906
9,45,47,48,18,26,18,26,ACTGACTGA,ACTGACTGA,9,2.201,189.906
9,45,47,48,27,35,27,35,CTGACTGAC,CTGACTGAC,9,2.201,189.906
9,45,47,48,36,44,36,44,TGACTGACT,TGACTGACT,9,2.201,189.906
9,46,48,48,0,8,0,8,ATGCGTACG,ATGCGTACG,9,2.139,198.984
9,46,48,48,9,17,9,17,TTAGCGTAC,TTAGCGTAC,9,2.139,198.984
9,46,48,48,18,26,18,26,GTTAGCGTA,GTTAGCGTA,9,2.139,198.984
9,46,48,48,27,35,27,35,CGTTAGCGT,CGTTAGCGT,9,2.139,198.984
9,46,48,48,36,44,36,44,ACGTTAGCG,ACGTTAGCG,9,2.139,198.984
9,47,49,49,0,8,0,8,CGTAGCTAG,CGTAGCTAG,9,2.160,206.195
9,47,49,49,9,17,9,17,CTAACGTTA,CTAACGTTA,9,2.160,206.195
9,47,49,49,18,26,18,26,CGATCGTAG,CGATCGTAG,9,2.160,206.195
9,47,49,49,27,35,27,35,CTAGCTAAC,CTAGCTAAC,9,2.160,206.195
9,47,49,49,36,44,36,44,GTTAGCTAG,GTTAGCTAG,9,2.160,206.195
9,48,49,49,0,8,0,8,GCTAGCGTA,GCTAGCGTA,9,2.204,207.531
9,48,49,49,9,17,9,17,CGTAGCTAG,CGTAGCTAG,9,2.204,207.531
9,48,49,49,18,26,18,26,CTAACGTTA,CTAACGTTA,9,2.204,207.531
9,48,49,49,27,35,27,35,GCTAGCTAA,GCTAGCTAA,9,2.204,207.531
9,48,49,49,36,44,36,44,CGTTAGCTA,CGTTAGCTA,9,2.204,207.531
9,49,49,49,0,8,0,8,TACGTTAGC,TACGTTAGC,9,2.155,204.234
9,49,49,49,9,17,9,17,TAGCTAGCG,TAGCTAGCG,9,2.155,204.234
9,49,49,49,18,26,18,26,TTAATCGTA,TTAATCGTA,9,2.155,204.234
9,49,49,49,27,35,27,35,GCTAACGTT,GCTAACGTT,9,2.155,204.234
9,49,49,49,36,44,36,44,AGCTAGCTA,AGCTAGCTA,9,2.155,204.234
9,50,50,50,0,8,0,8,GGCTTACGA,GGCTTACGA,9,2.211,212.805
9,50,50,50,9,17,9,17,TCGTAGCTA,TCGTAGCTA,9,2.211,212.805
9,50,50,50,18,26,18,26,GCAGTTAGC,GCAGTTAGC,9,2.211,212.805
9,50,50,50,27,35,27,35,TAACGTTAG,TAACGTTAG,9,2.211,212.805
9,50,50,50,36,44,36,44,CTAGCTAAC,CTAGCTAAC,9,2.211,212.805
10,1,10,10,0,9,0,9,ATGCTACGTA,ATGCTACGTT,9,1.886,3.852
10,2,13,13,0,9,0,9,GATTACAGGC,GATTACAGGC,10,1.839,2.586
10,3,15,15,0,9,0,9,TGCATGACTG,TGCATGACTG,10,1.829,7.789
10,4,17,17,0,9,0,9,ATCGTAGCTA,ATCGTAGCTA,10,1.899,10.367
10,5,20,20,0,9,0,9,GGATCCGTAG,GGATCCGTAG,10,1.892,18.578
10,5,20,20,10,19,10,19,CTAGCTTACG,CTAGCTTACC,9,1.892,18.578
10,6,22,23,0,9,0,9,ATGCGTTAAT,ATGCGTTAAT,10,1.892,25.906
10,6,22,23,10,19,10,19,GCGTTAATGC,GCGTTAATGC,10,1.892,25.906
10,7,22,23,0,9,0,9,GATTACAGGC,GATTACAGGC,10,1.907,25.906
10,7,22,23,10,19,10,19,TTACGAATCG,TTACGAATCG,10,1.907,25.906
10,8,22,22,0,9,0,9,CGTACGTTAG,CGTACGTTAG,10,1.994,25.930
10,8,22,22,10,19,10,19,CTAGCTAACG,CTAGCTAACG,10,1.994,25.930
10,9,23,23,0,9,0,9,TGCATGACTG,TGCATGACTG,10,1.949,28.500
10,9,23,23,10,19,10,19,ACTGACAGAC,ACTGACAGAC,10,1.949,28.500
10,10,24,24,0,9,0,9,ATGCGTACGT,ATGCGTACGT,10,2.032,31.094
10,10,24,24,10,19,10,19,TAGCGTACGT,TAGCGTACGT,10,2.032,31.094
10,11,25,25,0,9,0,9,CGTAGCTAGC,CGTAGCTAGC,10,2.006,35.875
10,11,25,25,10,19,10,19,TAACGTTACG,TAACGTTACG,10,2.006,35.875
10,12,25,25,0,9,0,9,GCTAGCGTAC,GCTAGCGTAC,10,1.995,35.875
10,12,25,25,10,19,10,19,GTAGCTAGCT,GTAGCTAGCT,10,1.995,35.875
10,13,26,26,0,9,0,9,TACGTTAGCT,TACGTTAGCT,10,1.979,40.305
10,13,26,26,10,19,10,19,AGCTAGCGTT,AGCTAGCGTT,10,1.979,40.305
10,14,26,26,0,9,0,9,GGCTTACGAT,GGCTTACGAT,10,2.038,40.305
10,14,26,26,10,19,10,19,CGTAGCTAGC,CGTAGCTAGC,10,2.038,40.305
10,15,27,27,0,9,0,9,ATCGTACGTT,ATCGTACGTT,10,1.983,44.063
10,15,27,27,10,19,10,19,AGCTAGCTAA,AGCTAGCTAA,10,1.983,44.063
10,16,28,28,0,9,0,9,GATCGTAGCT,GATCGTAGCT,10,2.026,49.234
10,16,28,28,10,19,10,19,AGCTAGCTAA,AGCTAGCTAA,10,2.026,49.234
10,17,28,28,0,9,0,9,TGCATGACTG,TGCATGACTG,10,1.918,49.234
10,17,28,28,10,19,10,19,ACTGACTGAC,ACTGACTGAC,10,1.918,49.234
10,18,29,29,0,9,0,9,CGTACGTAGC,CGTACGTAGC,10,1.933,55.023
10,18,29,29,10,19,10,19,TAGCTAGCTA,TAGCTAGCTA,10,1.933,55.023
10,19,30,30,0,9,0,9,GCTTAGCGTA,GCTTAGCGTA,10,1.983,60.195
10,19,30,30,10,19,10,19,CGTTAGCTAG,CGTTAGCTAG,10,1.983,60.195
10,19,30,30,20,29,20,29,CGTAGCTAGC,CGTAGCTAGT,9,1.983,60.195
10,20,31,31,0,9,0,9,TACGTTAGCT,TACGTTAGCT,10,1.946,64.375
10,20,31,31,10,19,10,19,AGCGTACGTT,AGCGTACGTT,10,1.946,64.375
10,20,31,31,20,29,20,29,AGCTAGCTAA,AGCTAGCTAA,10,1.946,64.375
10,21,32,32,0,9,0,9,ATCGTAGCTA,ATCGTAGCTA,10,1.944,69.570
10,21,32,32,10,19,10,19,ACGTTAGCTA,ACGTTAGCTA,10,1.944,69.570
10,21,32,32,20,29,20,29,GCTAACGTTA,GCTAACGTTA,10,1.944,69.570
10,22,32,32,0,9,0,9,GGATCCGTAG,GGATCCGTAG,10,1.946,69.570
10,22,32,32,10,19,10,19,CTTACGTTAC,CTTACGTTAC,10,1.946,69.570
10,22,32,32,20,29,20,29,GATCGTAGCT,GATCGTAGCT,10,1.946,69.570
10,23,32,32,0,9,0,9,TGCATGACTG,TGCATGACTG,10,2.039,69.570
10,23,32,32,10,19,10,19,ACTGACTGAC,ACTGACTGAC,10,2.039,69.570
10,23,32,32,20,29,20,29,TGACTGACTG,TGACTGACTG,10,2.039,69.570
10,24,32,32,0,9,0,9,ATGCGTTAAT,ATGCGTTAAT,10,2.070,69.570
10,24,32,32,10,19,10,19,GCGTTAATGC,GCGTTAATGC,10,2.070,69.570
10,24,32,32,20,29,20,29,GTTAATGCGT,GTTAATGCGT,10,2.070,69.570
10,25,33,33,0,9,0,9,GATTACAGGC,GATTACAGGC,10,2.056,79.617
10,25,33,33,10,19,10,19,TTACGAATCG,TTACGAATCG,10,2.056,79.617
10,25,33,33,20,29,20,29,TACGTTAGCT,TACGTTAGCT,10,2.056,79.617
10,26,33,34,0,9,0,9,CGTACGTTAG,CGTACGTTAG,10,1.976,80.586
10,26,33,34,10,19,10,19,CTAGCTAACG,CTAGCTAACG,10,1.976,80.586
10,26,33,34,20,29,20,29,TAGCTAGCTA,TAGCTAGCTA,10,1.976,80.586
10,27,34,35,0,9,0,9,TGCATGACTG,TGCATGACTG,10,2.016,88.391
10,27,34,35,10,19,10,19,ACTGACAGAC,ACTGACAGAC,10,2.016,88.391
10,27,34,35,20,29,20,29,TGACTGACTG,TGACTGACTG,10,2.016,88.391
10,28,34,35,0,9,0,9,ATGCGTACGT,ATGCGTACGT,10,2.007,88.391
10,28,34,35,10,19,10,19,TAGCGTACGT,TAGCGTACGT,10,2.007,88.391
10,28,34,35,20,29,20,29,TAGCGTACGT,TAGCGTACGT,10,2.007,88.391
10,29,35,35,0,9,0,9,CGTAGCTAGC,CGTAGCTAGC,10,2.040,89.383
10,29,35,35,10,19,10,19,TAACGTTACG,TAACGTTACG,10,2.040,89.383
10,29,35,35,20,29,20,29,ATCGTAGCTA,ATCGTAGCTA,10,2.040,89.383
10,30,35,35,0,9,0,9,GCTAGCGTAC,GCTAGCGTAC,10,1.989,89.383
10,30,35,35,10,19,10,19,GTAGCTAGCT,GTAGCTAGCT,10,1.989,89.383
10,30,35,35,20,29,20,29,AACGTTAGCT,AACGTTAGCT,10,1.989,89.383
10,31,36,36,0,9,0,9,TACGTTAGCT,TACGTTAGCT,10,2.002,96.195
10,31,36,36,10,19,10,19,AGCTAGCGTT,AGCTAGCGTT,10,2.002,96.195
10,31,36,36,20,29,20,29,AATCGTAGCT,AATCGTAGCT,10,2.002,96.195
10,32,36,36,0,9,0,9,GGCTTACGAT,GGCTTACGAT,10,1.944,96.195
10,32,36,36,10,19,10,19,CGTAGCTAGC,CGTAGCTAGC,10,1.944,96.195
10,32,36,36,20,29,20,29,AGTTAGCTAA,AGTTAGCTAA,10,1.944,96.195
10,33,37,37,0,9,0,9,ATCGTACGTT,ATCGTACGTT,10,1.990,102.953
10,33,37,37,10,19,10,19,AGCTAGCTAA,AGCTAGCTAA,10,1.990,102.953
10,33,37,37,20,29,20,29,CGTTAGCGTA,CGTTAGCGTA,10,1.990,102.953
10,34,38,38,0,9,0,9,GATCGTAGCT,GATCGTAGCT,10,1.986,114.398
10,34,38,38,10,19,10,19,AGCTAGCTAA,AGCTAGCTAA,10,1.986,114.398
10,34,38,38,20,29,20,29,CGTTACGTTA,CGTTACGTTA,10,1.986,114.398
10,35,39,39,0,9,0,9,TGCATGACTG,TGCATGACTG,10,1.980,121.172
10,35,39,39,10,19,10,19,ACTGACTGAC,ACTGACTGAC,10,1.980,121.172
10,35,39,39,20,29,20,29,GTAGCTAGCT,GTAGCTAGCT,10,1.980,121.172
10,36,40,40,0,9,0,9,CGTACGTAGC,CGTACGTAGC,10,1.949,127.344
10,36,40,40,10,19,10,19,TAGCTAGCTA,TAGCTAGCTA,10,1.949,127.344
10,36,40,40,20,29,20,29,ACTGACTGAC,ACTGACTGAC,10,1.949,127.344
10,36,40,40,30,39,30,39,TGACTGACTG,TGACTGACTA,9,1.949,127.344
10,37,41,41,0,9,0,9,GCTTAGCGTA,GCTTAGCGTA,10,1.966,135.117
10,37,41,41,10,19,10,19,CGTTAGCTAG,CGTTAGCTAG,10,1.966,135.117
10,37,41,41,20,29,20,29,CGTAGCTAGC,CGTAGCTAGC,10,1.966,135.117
10,37,41,41,30,39,30,39,TAACGTTAGC,TAACGTTAGC,10,1.966,135.117
10,38,42,42,0,9,0,9,TACGTTAGCT,TACGTTAGCT,10,2.102,141.891
10,38,42,42,10,19,10,19,AGCGTACGTT,AGCGTACGTT,10,2.102,141.891
10,38,42,42,20,29,20,29,AGCTAGCTAA,AGCTAGCTAA,10,2.102,141.891
10,38,42,42,30,39,30,39,CGTTAGCTAG,CGTTAGCTAG,10,2.102,141.891
10,39,43,43,0,9,0,9,ATCGTAGCTA,ATCGTAGCTA,10,2.086,149.680
10,39,43,43,10,19,10,19,ACGTTAGCTA,ACGTTAGCTA,10,2.086,149.680
10,39,43,43,20,29,20,29,GCTAACGTTA,GCTAACGTTA,10,2.086,149.680
10,39,43,43,30,39,30,39,GCGTACGTTA,GCGTACGTTA,10,2.086,149.680
10,40,44,44,0,9,0,9,GGATCCGTAG,GGATCCGTAG,10,2.067,157.477
10,40,44,44,10,19,10,19,CTTACGTTAC,CTTACGTTAC,10,2.067,157.477
10,40,44,44,20,29,20,29,GATCGTAGCT,GATCGTAGCT,10,2.067,157.477
10,40,44,44,30,39,30,39,AGCTAACGTT,AGCTAACGTT,10,2.067,157.477
10,41,45,45,0,9,0,9,TGCATGACTG,TGCATGACTG,10,2.015,170.484
10,41,45,45,10,19,10,19,ACTGACTGAC,ACTGACTGAC,10,2.015,170.484
10,41,45,45,20,29,20,29,TGACTGACTG,TGACTGACTG,10,2.015,170.484
10,41,45,45,30,39,30,39,ACTGACTGAC,ACTGACTGAC,10,2.015,170.484
10,42,46,47,0,9,0,9,ATGCGTTAAT,ATGCGTTAAT,10,2.029,182.156
10,42,46,47,10,19,10,19,GCGTTAATGC,GCGTTAATGC,10,2.029,182.156
10,42,46,47,20,29,20,29,GTTAATGCGT,GTTAATGCGT,10,2.029,182.156
10,42,46,47,30,39,30,39,TAATGCGTTA,TAATGCGTTA,10,2.029,182.156
10,43,47,47,0,9,0,9,GATTACAGGC,GATTACAGGC,10,2.096,190.313
10,43,47,47,10,19,10,19,TTACGAATCG,TTACGAATCG,10,2.096,190.313
10,43,47,47,20,29,20,29,TACGTTAGCT,TACGTTAGCT,10,2.096,190.313
10,43,47,47,30,39,30,39,AGCTAACGTT,AGCTAACGTT,10,2.096,190.313
10,44,47,48,0,9,0,9,CGTACGTTAG,CGTACGTTAG,10,2.067,185.805
10,44,47,48,10,19,10,19,CTAGCTAACG,CTAGCTAACG,10,2.067,185.805
10,44,47,48,20,29,20,29,TAGCTAGCTA,TAGCTAGCTA,10,2.067,185.805
10,44,47,48,30,39,30,39,ACGTTAGCTA,ACGTTAGCTA,10,2.067,185.805
10,45,47,48,0,9,0,9,TGCATGACTG,TGCATGACTG,10,2.087,184.578
10,45,47,48,10,19,10,19,ACTGACAGAC,ACTGACAGAC,10,2.087,184.578
10,45,47,48,20,29,20,29,TGACTGACTG,TGACTGACTG,10,2.087,184.578
10,45,47,48,30,39,30,39,ACTGACTGAC,ACTGACTGAC,10,2.087,184.578
10,46,48,48,0,9,0,9,ATGCGTACGT,ATGCGTACGT,10,2.087,192.891
10,46,48,48,10,19,10,19,TAGCGTACGT,TAGCGTACGT,10,2.087,192.891
10,46,48,48,20,29,20,29,TAGCGTACGT,TAGCGTACGT,10,2.087,192.891
10,46,48,48,30,39,30,39,TAGCGTACGT,TAGCGTACGT,10,2.087,192.891
10,47,49,49,0,9,0,9,CGTAGCTAGC,CGTAGCTAGC,10,2.132,198.500
10,47,49,49,10,19,10,19,TAACGTTACG,TAACGTTACG,10,2.132,198.500
10,47,49,49,20,29,20,29,ATCGTAGCTA,ATCGTAGCTA,10,2.132,198.500
10,47,49,49,30,39,30,39,GCTAACGTTA,GCTAACGTTA,10,2.132,198.500
10,48,49,49,0,9,0,9,GCTAGCGTAC,GCTAGCGTAC,10,2.148,197.438
10,48,49,49,10,19,10,19,GTAGCTAGCT,GTAGCTAGCT,10,2.148,197.438
10,48,49,49,20,29,20,29,AACGTTAGCT,AACGTTAGCT,10,2.148,197.438
10,48,49,49,30,39,30,39,AGCTAACGTT,AGCTAACGTT,10,2.148,197.438
10,49,49,49,0,9,0,9,TACGTTAGCT,TACGTTAGCT,10,2.205,200.148
10,49,49,49,10,19,10,19,AGCTAGCGTT,AGCTAGCGTT,10,2.205,200.148
10,49,49,49,20,29,20,29,AATCGTAGCT,AATCGTAGCT,10,2.205,200.148
10,49,49,49,30,39,30,39,AACGTTAGCT,AACGTTAGCT,10,2.205,200.148
10,50,50,50,0,9,0,9,GGCTTACGAT,GGCTTACGAT,10,2.167,206.492
10,50,50,50,10,19,10,19,CGTAGCTAGC,CGTAGCTAGC,10,2.167,206.492
10,50,50,50,20,29,20,29,AGTTAGCTAA,AGTTAGCTAA,10,2.167,206.492
10,50,50,50,30,39,30,39,CGTTAGCTAG,CGTTAGCTAG,10,2.167,206.492
10,50,50,50,40,49,40,49,CTAACGTTAG,CTAACGTTAT,9,2.167,206.492
